,material,critical_temp
0,Al1Sr2Ho0.4Ca0.6Cu2O7,24.0
1,Al1Sr2Ho0.5Ca0.5Cu2O7.05,18.0
2,Ba1.2Sr0.8Yb1Cu3O6.61,36.7
3,Ba1.4Sr0.6Yb1Cu3O6.66,43.1
4,Ba1.6Sr0.4Yb0.65Ca0.35Cu3O6.52,79.0
5,Ba1.6Sr0.4Yb0.65Ca0.35Cu3O6.53,78.0
6,Ba1.6Sr0.4Yb0.65Ca0.35Cu3O6.63,77.0
7,Ba1.6Sr0.4Yb0.6Ca0.4Cu3O6.61,76.0
8,Ba1.6Sr0.4Yb0.75Ca0.25Cu3O6.51,66.0
9,Ba1.6Sr0.4Yb0.75Ca0.25Cu3O6.68,74.0
10,Ba1.6Sr0.4Yb0.85Ca0.15Cu3O6.6,61.0
11,Ba1.6Sr0.4Yb0.85Ca0.15Cu3O6.83,76.0
12,Ba1.6Sr0.4Yb0.95Ca0.05Cu3O6.56,30.0
13,Ba1.6Sr0.4Yb0.95Ca0.05Cu3O6.58,55.0
14,Ba1.6Sr0.4Yb0.95Ca0.05Cu3O6.76,80.0
15,Ba1.6Sr0.4Yb0.95Ca0.05Cu3O6.8,80.0
16,Ba1.6Sr0.4Yb1Cu3O6.53,34.0
17,Ba1.6Sr0.4Yb1Cu3O6.64,47.0
18,Ba1.6Sr0.4Yb1Cu3O6.69,48.9
19,Ba1.6Sr0.4Yb1Cu3O6.75,60.0
20,Ba1.6Sr0.4Yb1Cu3O6.8,81.0
21,Ba1.6Sr0.4Yb1Cu3O6.96,82.0
22,Ba1.8Sr0.2Yb1Cu3O6.61,56.7
23,Ba1Sr1Y1Cu3O7,82.7
24,Ba2Yb1Cu3O6.66,65.3
25,Bi0.066Mo0.264Cu2.67Sr2Y1O7.32,31.0
26,Bi0.132Mo0.198Cu2.67Sr2Y1O7.2,29.0
27,Bi0.1485Mo0.1815Cu2.67Sr2Y1O7.21,20.6
28,Bi0.2Pb0.4S0.4Sr2Ca0.7Nd0.3Cu2O6.99,78.0
29,Bi0.33Hg0.67Sr2Y0.5Ca0.5Cu2O7,92.0
30,Bi0.33Hg0.67Sr2Y1Cu2O7,74.0
31,Bi0.5Pb0.25S0.25Sr2Ca0.7Nd0.3Cu2O6.97,75.0
32,Bi0.6Pb0.2S0.2Sr2Ca0.7Nd0.3Cu2O6.95,80.0
33,Bi0.8Pb0.1S0.1Sr2Ca0.7Nd0.3Cu2O6.95,75.0
34,Bi1.6Sr0.4Yb1Cu3O6.817,55.0
35,Bi1.6Sr0.4Yb1Cu3O6.999,82.0
36,Bi2Sr2Cu2O7,22.0
37,C0.47Sr2Ca0.35Y0.65Cu2.48O6.96,40.0
38,C0.48Sr2Ca0.4Y0.6Cu2.46O6.97,41.1
39,C0.51Sr2Ca0.5Y0.5Cu2.42O6.92,48.9
40,C0.53Sr1.99Ca0.56Y0.45Cu2.39O6.94,54.2
41,C0.54Sr2Ca0.6Y0.4Cu2.38O6.89,56.7
42,C0.55Sr2.03Ca0.62Y0.35Cu2.35O6.79,60.0
43,C0.57Sr2Ca0.7Y0.3Cu2.33O6.78,60.3
44,C0.5Sr2.01Ca0.44Y0.55Cu2.44O6.94,45.5
45,C1Ca3Cu2O7.1,47.0
46,Ca0.1Ba1.65La1.25Cu3O6.98,8.0
47,Ca0.1Ba1.65La1.25Cu3O7.01,19.5
48,Ca0.1Ba1.65La1.25Cu3O7.02,26.4
49,Ca0.1Ba1.65La1.25Cu3O7.03,29.9
50,Ca0.1Ba1.65La1.25Cu3O7.06,41.9
51,Ca0.1Ba1.65La1.25Cu3O7.08,45.9
52,Ca0.1La0.9Ba1.65La0.35Cu3O7.15,57.0
53,Ca0.1La1.15Ba1.75Cu3O7.148,57.1
54,Ca0.1La1.25Ba1.65Cu3O6.985,5.0
55,Ca0.1La1.25Ba1.65Cu3O7.06,38.0
56,Ca0.2Ba1.55La1.25Cu3O6.98,10.4
57,Ca0.2Ba1.55La1.25Cu3O6.99,14.4
58,Ca0.2Ba1.55La1.25Cu3O7.01,25.1
59,Ca0.2Ba1.55La1.25Cu3O7.03,34.7
60,Ca0.2Ba1.55La1.25Cu3O7.05,41.1
61,Ca0.2Ba1.55La1.25Cu3O7.07,46.1
62,Ca0.2Ba1.55La1.25Cu3O7.11,59.7
63,Ca0.2Ba1.55La1.25Cu3O7.159,68.7
64,Ca0.2La0.8Ba1.55La0.45Cu3O7.16,68.0
65,Ca0.3Ba1.45La1.25Cu3O6.96,9.6
66,Ca0.3Ba1.45La1.25Cu3O7,28.3
67,Ca0.3Ba1.45La1.25Cu3O7.05,46.4
68,Ca0.3Ba1.45La1.25Cu3O7.11,65.3
69,Ca0.3Ba1.45La1.25Cu3O7.12,69.3
70,Ca0.3Ba1.45La1.25Cu3O7.172,76.9
71,Ca0.3La0.7Ba1.45La0.55Cu3O7.16,76.0
72,Ca0.3Nd0.7Ba1La1Cu3O7.24,14.3
73,Ca0.4Ba1.15La1.45Cu3O7.12,7.6
74,Ca0.4Ba1.15La1.45Cu3O7.21,43.9
75,Ca0.4Ba1.15La1.45Cu3O7.23,52.8
76,Ca0.4Ba1.25La1.25Cu3O6.98,40.1
77,Ca0.4Ba1.25La1.25Cu3O7.05,60.0
78,Ca0.4Ba1.25La1.25Cu3O7.14,78.8
79,Ca0.4Ba1.25La1.35Cu3O7.04,21.3
80,Ca0.4Ba1.25La1.35Cu3O7.11,47.1
81,Ca0.4Ba1.25La1.35Cu3O7.16,63.5
82,Ca0.4Ba1.25La1.35Cu3O7.19,72.9
83,Ca0.4Ba1.35La1.25Cu3O6.9,5.0
84,Ca0.4Ba1.35La1.25Cu3O6.92,14.4
85,Ca0.4Ba1.35La1.25Cu3O6.95,24.8
86,Ca0.4Ba1.35La1.25Cu3O7.08,68.6
87,Ca0.4Ba1.35La1.25Cu3O7.15,78.8
88,Ca0.4La0.6Ba1.35La0.65Cu3O7.15,80.0
89,Ca0.4La1.25Ba1.35Cu3O6.99,38.0
90,Ca0.4La1.25Ba1.35Cu3O7.055,57.0
91,Ca0.4La1.25Ba1.35Cu3O7.135,76.0
92,Ca0.4Nd0.6Ba1La1Cu3O7.19,21.9
93,Ca0.5Nd0.5Ba1La1Cu3O7.17,41.4
94,Ca0.6Nd0.4Ba1La1Cu3O7.1,48.6
95,Ca0.7Nd0.3Ba1La1Cu3O7.04,73.8
96,Ca0.85Ce0.15Ba1La1Cu3O7.07,52.4
97,Ca0.8Nd0.2Ba1La1Cu3O6.99,73.8
98,Ca0.95Ce0.05Ba1La1Cu3O6.91,64.8
99,Ca0.9Ce0.1Ba1La1Cu3O7.02,60.5
100,Ca0.9Nd0.1Ba1La1Cu3O6.87,73.8
101,Ca1Ba1Dy1Cu3O7,65.0
102,Ca1Ba1Er1Cu3O7,66.0
103,Ca1Ba1Eu1Cu3O7,53.0
104,Ca1Ba1Gd1Cu3O7,49.0
105,Ca1Ba1Ho1Cu3O7,57.0
106,Ca1Ba1La0.2Nd0.8Cu3O7,57.0
107,Ca1Ba1La0.2Sm0.8Cu3O7,56.0
108,Ca1Ba1La0.4Eu0.6Cu3O7,62.0
109,Ca1Ba1La0.4Nd0.6Cu3O7,63.0
110,Ca1Ba1La0.4Sm0.6Cu3O7,64.0
111,Ca1Ba1La0.6Eu0.4Cu3O7,65.0
112,Ca1Ba1La0.6Nd0.4Cu3O7,67.0
113,Ca1Ba1La0.6Sm0.4Cu3O7,68.0
114,Ca1Ba1La0.8Eu0.2Cu3O7,69.0
115,Ca1Ba1La0.8Nd0.2Cu3O7,71.0
116,Ca1Ba1La0.8Sm0.2Cu3O7,71.0
117,Ca1Ba1La1Cu3O6.85,76.0
118,Ca1Ba1La1Cu3O6.97,64.0
119,Ca1Ba1La1Cu3O7,59.5
120,Ca1Ba1Nd1Cu3O7,46.0
121,Ca1Ba1Sm1Cu3O7,39.0
122,Ca1Ba1Tm1Cu3O7,67.0
123,Ca1La1Ba1Cu2.76Fe0.24O7,22.0
124,Ca1La1Ba1Cu2.85Zn0.045O7,55.0
125,Ca1La1Ba1Cu2.88Fe0.12O7,28.0
126,Ca1La1Ba1Cu2.88Zn0.12O7,14.0
127,Ca1La1Ba1Cu2.8P0.2O7,90.0
128,Ca1La1Ba1Cu2.91Zn0.09O7,20.0
129,Ca1La1Ba1Cu2.94Fe0.06O7,44.0
130,Ca1La1Ba1Cu2.97Fe0.03O7,49.0
131,Ca1La1Ba1Cu2.97Zn0.03O7,60.0
132,Ca1La1Ba1Cu3O7,73.0
133,Cd0.67Bi0.23Pb0.1Sr2Y1Cu2O7,27.5
134,Co1Sr2Y0.55Ca0.45Cu2O7,25.0
135,Co1Sr2Y0.5Ca0.5Cu2O7,15.0
136,Co1Sr2Y0.65Ca0.35Cu2O7,38.0
137,Co1Sr2Y0.6Ca0.4Cu2O7,34.0
138,Co1Sr2Y0.75Ca0.25Cu2O7,30.0
139,Co1Sr2Y0.7Ca0.3Cu2O7,40.0
140,Co1Sr2Y0.8Ca0.2Cu2O7,20.0
141,Co1Sr2Y0.9Ca0.1Cu2O7,15.0
142,Cu0.25C0.75Ca3Cu2O6.85,47.0
143,Cu0.5C0.5Ca3Cu2O6.6,57.0
144,Cu0.5C0.5Sr2Ca1Cu2O7,90.0
145,Cu0.85Re0.15Sr2Y1Cu2O7.3,69.0
146,Cu0.8Mo0.2Sr2Y1Cu2O7.3,65.0
147,Cu0.8W0.2Sr2Y1Cu2O7.3,77.0
148,Cu2.5Sr2Ca1Cr0.5O7.5,81.0
149,Dy0.5Ca0.5Sr0.7Ba1.3Cu2.6C0.4O7,78.0
150,Dy0.5Pr0.5Ba2Cu3O6.85,19.0
151,Dy0.5Pr0.5Ba2Cu3O6.9,27.8
152,Dy0.6Pr0.4Ba2Cu3O6.9,41.2
153,Dy0.7Pr0.3Ba2Cu3O6.9,53.9
154,Dy0.85Pr0.15Ba2Cu3O6.9,77.4
155,Dy0.8Ca0.2Ba2Cu2.7Zn0.3O6.78,28.0
156,Dy0.8Pr0.2Ba2Cu3O7,69.26666666666667
157,Dy0.95Pr0.05Ba2Cu3O6.9,91.4
158,Dy0.9Ca0.1Ba2Cu2.7Zn0.3O6.72,21.0
159,Dy1Ba1.2Sr0.8Cu3O6.9,84.7
160,Dy1Ba1.4Sr0.6Cu3O6.91,85.2
161,Dy1Ba1.5Sr0.5Cu3O6.9,86.3
162,Dy1Ba1.5Sr0.5Cu3O7,86.5
163,Dy1Ba1.6Sr0.4Cu3O6.89,80.6
164,Dy1Ba1.8Sr0.2Cu3O6.89,84.2
165,Dy1Ba1Sr1Cu3O6.6,14.85
166,Dy1Ba1Sr1Cu3O6.7,29.9
167,Dy1Ba1Sr1Cu3O6.89,79.5
168,Dy1Ba1Sr1Cu3O6.9,77.05
169,Dy1Ba1Sr1Cu3O6.93,83.0
170,Dy1Ba1Sr1Cu3O6.94,81.5
171,Dy1Ba1Sr1Cu3O7,82.0
172,Dy1Ba2Cu2.6Ni0.4O6.83,31.0
173,Dy1Ba2Cu2.7Fe0.3O6.96,10.0
174,Dy1Ba2Cu2.7Ga0.3O6.77,39.0
175,Dy1Ba2Cu2.7Ni0.3O7,54.0
176,Dy1Ba2Cu2.85Zn0.15O7,51.5
177,Dy1Ba2Cu2.8Fe0.2O6.93,58.0
178,Dy1Ba2Cu2.8Ga0.2O6.78,50.0
179,Dy1Ba2Cu2.8Ni0.2O6.83,63.0
180,Dy1Ba2Cu2.8Zn0.2O6.95,13.0
181,Dy1Ba2Cu2.92Fe0.08O7,74.0
182,Dy1Ba2Cu2.92Ni0.08O7,77.0
183,Dy1Ba2Cu2.92Zn0.08O7,60.6
184,Dy1Ba2Cu2.94Fe0.06O6.88,78.0
185,Dy1Ba2Cu2.94Ni0.06O6.72,81.0
186,Dy1Ba2Cu2.94Zn0.06O6.9,62.0
187,Dy1Ba2Cu2.94Zn0.06O7,68.8
188,Dy1Ba2Cu2.95Ga0.05O6.69,83.0
189,Dy1Ba2Cu2.96Fe0.04O6.89,82.0
190,Dy1Ba2Cu2.96Ni0.04O6.73,82.0
191,Dy1Ba2Cu2.96Zn0.04O6.9,70.0
192,Dy1Ba2Cu2.96Zn0.04O7,76.8
193,Dy1Ba2Cu2.98Fe0.02O6.88,88.0
194,Dy1Ba2Cu2.98Ni0.02O6.72,83.0
195,Dy1Ba2Cu2.98Zn0.02O6.87,81.0
196,Dy1Ba2Cu2.98Zn0.02O7,84.8
197,Dy1Ba2Cu2.99Zn0.01O7,89.5
198,Dy1Ba2Cu2.9Fe0.1O6.84,70.0
199,Dy1Ba2Cu2.9Ga0.1O6.7,68.0
200,Dy1Ba2Cu2.9Ni0.1O6.74,67.0
201,Dy1Ba2Cu2.9Zn0.1O6.96,44.0
202,Dy1Ba2Cu2.9Zn0.1O7,56.3
203,Dy1Ba2Cu3O6.68,90.0
204,Dy1Ba2Cu3O6.75,94.0
205,Dy1Ba2Cu3O6.79,90.0
206,Dy1Ba2Cu3O6.82,92.7
207,Dy1Ba2Cu3O6.84,90.0
208,Dy1Ba2Cu3O6.879,86.0
209,Dy1Ba2Cu3O6.9,92.3
210,Dy1Ba2Cu3O6.94,88.7
211,Dy1Ba2Cu3O7,86.13181818181818
212,Er0.25Yb0.75Ba2Cu3O7,86.3
213,Er0.37Yb0.63Ba2Cu3O7,87.8
214,Er0.45Ca0.4Hf0.15Ba2Cu3O7.1,66.0
215,Er0.4Eu0.3Pr0.3Ba2Cu3O7,47.8
216,Er0.52Ca0.48Ba1.4Sr0.6Cu2.76Co0.24O6.77,54.0
217,Er0.55Ca0.3Hf0.15Ba2Cu3O7.05,72.2
218,Er0.5Ca0.5Sr0.7Ba1.3Cu2.6C0.4O7,80.0
219,Er0.5Eu0.2Pr0.3Ba2Cu3O7,52.1
220,Er0.5Pr0.2Ca0.3Ba2Cu3O7,71.0
221,Er0.5Pr0.5Ba2Cu3O6.82,34.4
222,Er0.5Pr0.5Ba2Cu3O7,28.6
223,Er0.5Y0.5Ba2Cu3O7,91.8
224,Er0.5Yb0.5Ba2Cu3O7,89.3
225,Er0.62Yb0.38Ba2Cu3O7,88.3
226,Er0.64Ca0.36Ba1.4Sr0.6Cu2.76Co0.24O6.8,48.0
227,Er0.65Ca0.2Hf0.15Ba2Cu3O6.83,80.9
228,Er0.6Ca0.25Hf0.15Ba2Cu3O7.02,84.7
229,Er0.6Pr0.2Ca0.2Ba2Cu3O7,74.0
230,Er0.6Pr0.4Ba2Cu3O7,45.8
231,Er0.75Ca0.1Hf0.15Ba2Cu3O6.796,73.6
232,Er0.75Ca0.25Ba2Cu3O6.88,67.5
233,Er0.75Pr0.2Ca0.05Ba2Cu3O7,80.0
234,Er0.75Yb0.25Ba2Cu3O7,87.6
235,Er0.76Ca0.24Ba1.4Sr0.6Cu2.76Co0.24O6.84,64.0
236,Er0.76Ca0.24Ba1.6Sr0.4Cu2.76Co0.24O6.88,77.0
237,Er0.76Ca0.24Ba1.8Sr0.2Cu2.76Co0.24O6.91,81.0
238,Er0.76Ca0.24Ba2Cu2.76Co0.24O6.92,84.0
239,Er0.7Ca0.15Hf0.15Ba2Cu3O6.821,77.3
240,Er0.7Ca0.3Ba2Cu3O6.83,55.7
241,Er0.7Pr0.1Ca0.2Ba2Cu3O7,73.0
242,Er0.7Pr0.2Ca0.1Ba2Cu3O7,78.0
243,Er0.7Pr0.3Ba2Cu3O7,61.1
244,Er0.82Ca0.18Ba2Cu2.82Co0.18O6.71,84.5
245,Er0.85Ca0.15Ba2Cu3O6.93,79.5
246,Er0.85Hf0.15Ba2Cu3O6.813,79.9
247,Er0.85Pr0.15Ba2Cu3O7,82.9
248,Er0.85Pr0.1Ca0.05Ba2Cu3O7,82.0
249,Er0.88Ca0.12Ba2Cu2.82Co0.18O6.93,77.5
250,Er0.8Ca0.05Hf0.15Ba2Cu3O6.706,64.8
251,Er0.8Ca0.2Ba2Cu3O6.91,76.5
252,Er0.8Hf0.2Ba2Cu3O6.772,78.8
253,Er0.8Pr0.1Ca0.1Ba2Cu3O7,77.0
254,Er0.8Pr0.2Ba2Cu3O7,77.88
255,Er0.924Pr0.076Ba2Cu3O7,91.1
256,Er0.94Ca0.04Ba2Cu2.82Co0.18O6.76,64.0
257,Er0.94Ca0.06Ba2Cu2.82Co0.18O6.76,64.0
258,Er0.95Ca0.05Ba2Cu3O6.935,86.0
259,Er0.95Hf0.05Ba2Cu3O6.938,86.0
260,Er0.97Pr0.03Ba2Cu3O7,93.9
261,Er0.9Ca0.1Ba2Cu3O6.93,82.5
262,Er0.9Hf0.1Ba2Cu3O6.862,82.9
263,Er0.9Pr0.1Ba2Cu3O7,80.0
264,Er1Ba1Sr1Cu3O6.94,78.0
265,Er1Ba2Cu2.64Zn0.18Fe0.18O6.95,21.0
266,Er1Ba2Cu2.67Zn0.24Fe0.09O6.94,32.0
267,Er1Ba2Cu2.73Zn0.18Fe0.09O6.94,37.0
268,Er1Ba2Cu2.73Zn0.24Fe0.03O6.92,43.0
269,Er1Ba2Cu2.76Co0.24O6.75,31.0
270,Er1Ba2Cu2.76Zn0.06Fe0.18O6.97,25.0
271,Er1Ba2Cu2.76Zn0.24O6.89,36.0
272,Er1Ba2Cu2.78Zn0.18Fe0.03O6.93,46.0
273,Er1Ba2Cu2.79Zn0.03Fe0.18O6.97,44.0
274,Er1Ba2Cu2.79Zn0.12Fe0.09O6.95,42.0
275,Er1Ba2Cu2.7Ga0.3O7,80.0
276,Er1Ba2Cu2.7Zn0.12Fe0.18O6.95,23.0
277,Er1Ba2Cu2.7Zn0.3O6.86,32.0
278,Er1Ba2Cu2.82Co0.18O6.74,34.0
279,Er1Ba2Cu2.82Fe0.18O6.97,72.0
280,Er1Ba2Cu2.82Ni0.18O7,65.0
281,Er1Ba2Cu2.82Zn0.18O6.91,50.0
282,Er1Ba2Cu2.85Co0.15O7,88.5
283,Er1Ba2Cu2.85Fe0.15O7,90.0
284,Er1Ba2Cu2.85Ga0.15O6.69,82.0
285,Er1Ba2Cu2.85Ga0.15O7,89.6
286,Er1Ba2Cu2.85Ni0.15O7,89.5
287,Er1Ba2Cu2.85Zn0.06Fe0.09O6.96,46.0
288,Er1Ba2Cu2.85Zn0.12Fe0.03O6.94,50.0
289,Er1Ba2Cu2.85Zn0.15O7,64.46666666666667
290,Er1Ba2Cu2.88Co0.12O6.78,46.0
291,Er1Ba2Cu2.88Zn0.03Fe0.09O6.95,65.0
292,Er1Ba2Cu2.88Zn0.12O6.92,52.0
293,Er1Ba2Cu2.8Ga0.2O7,81.0
294,Er1Ba2Cu2.91Fe0.09O6.96,83.0
295,Er1Ba2Cu2.91Zn0.06Fe0.03O6.93,63.0
296,Er1Ba2Cu2.92Zn0.08O7,62.7
297,Er1Ba2Cu2.94Co0.06O6.8,73.0
298,Er1Ba2Cu2.94Zn0.03Fe0.03O6.94,76.0
299,Er1Ba2Cu2.94Zn0.06O6.92,69.0
300,Er1Ba2Cu2.94Zn0.06O7,68.3
301,Er1Ba2Cu2.95Ga0.05O6.75,90.0
302,Er1Ba2Cu2.96Zn0.04O7,76.3
303,Er1Ba2Cu2.97Fe0.03O6.94,88.0
304,Er1Ba2Cu2.97Zn0.03O6.93,81.0
305,Er1Ba2Cu2.985Co0.015O7,89.0
306,Er1Ba2Cu2.985Fe0.015O7,88.7
307,Er1Ba2Cu2.985Ga0.015O7,89.5
308,Er1Ba2Cu2.985Ni0.015O7,89.8
309,Er1Ba2Cu2.98Zn0.02O7,85.15
310,Er1Ba2Cu2.99Zn0.01O7,89.8
311,Er1Ba2Cu2.9Ga0.1O6.78,86.0
312,Er1Ba2Cu2.9Zn0.1O7,60.4
313,Er1Ba2Cu3O6.53,54.3
314,Er1Ba2Cu3O6.6,75.0
315,Er1Ba2Cu3O6.64,61.3
316,Er1Ba2Cu3O6.67,85.0
317,Er1Ba2Cu3O6.78,78.2
318,Er1Ba2Cu3O6.82,92.4
319,Er1Ba2Cu3O6.85,93.0
320,Er1Ba2Cu3O6.87,94.5
321,Er1Ba2Cu3O6.91,92.0
322,Er1Ba2Cu3O6.92,90.0
323,Er1Ba2Cu3O6.93,91.0
324,Er1Ba2Cu3O6.935,88.0
325,Er1Ba2Cu3O6.94,91.5
326,Er1Ba2Cu3O6.953,90.9
327,Er1Ba2Cu3O7,88.39333333333333
328,Eu0.2Pr0.3Ca0.5Ba2Cu3O7,96.0
329,Eu0.5Pr0.5Ba2Cu3O7,26.7
330,Eu0.5Sr0.5Ba1.6Pr0.1Cu3O7.07,42.0
331,Eu0.65Pr0.35Ba2Cu3O7,19.1
332,Eu0.6Pr0.4Ba1.5Sr0.5Cu3O6.89,34.0
333,Eu0.6Pr0.4Ba1.6Sr0.4Cu3O7,29.0
334,Eu0.6Pr0.4Ba1.7Sr0.3Cu3O6.93,28.0
335,Eu0.6Pr0.4Ba2Cu3O6.97,15.0
336,Eu0.6Pr0.4Ba2Cu3O7,37.8
337,Eu0.6Sr0.4Ba1.6Pr0.1Cu3O7.06,50.0
338,Eu0.7Pr0.3Ba2Cu3O6.66,41.0
339,Eu0.7Pr0.3Ba2Cu3O6.95,38.8
340,Eu0.7Pr0.3Ba2Cu3O7,44.5
341,Eu0.7Sr0.3Ba1.6Pr0.1Cu3O6.91,54.0
342,Eu0.8Pr0.2Ba2Cu3O6.7,65.0
343,Eu0.8Pr0.2Ba2Cu3O6.97,57.9
344,Eu0.8Pr0.2Ba2Cu3O7,57.3
345,Eu0.9Pr0.1Ba2Cu3O6.78,83.0
346,Eu0.9Pr0.1Ba2Cu3O6.95,79.45
347,Eu0.9Pr0.1Ba2Cu3O7,73.05
348,Eu1.1Ba1.9Cu3O7.07,81.0
349,Eu1.2Ba1.8Cu3O7.18,42.0
350,Eu1.3Ba1.7Cu3O7.15,39.5
351,Eu1.4Ba1.6Cu3O7.16,28.0
352,Eu1Ba1.2Pr0.3Sr0.5Cu3O6.89,32.0
353,Eu1Ba1.3Pr0.3Sr0.4Cu3O7,30.0
354,Eu1Ba1.4Pr0.3Sr0.3Cu3O6.92,29.0
355,Eu1Ba1.5Pr0.3Sr0.2Cu3O6.81,28.0
356,Eu1Ba1.5Sr0.5Cu3O7,76.8
357,Eu1Ba1.8Pr0.2Cu3O6.69,46.0
358,Eu1Ba1.93Cu2.92O7,83.2
359,Eu1Ba1.9Pr0.1Cu3O6.75,73.0
360,Eu1Ba1Sr0.7Ca0.3Cu3O6.95,75.0
361,Eu1Ba1Sr0.8Ca0.2Cu3O6.95,75.0
362,Eu1Ba1Sr0.9Ca0.1Cu3O6.95,81.0
363,Eu1Ba1Sr1Cu3O6.94,80.0
364,Eu1Ba1Sr1Cu3O6.95,84.0
365,Eu1Ba2Cu2.7Co0.3O6.95,29.4
366,Eu1Ba2Cu2.85Ga0.15O6.76,43.0
367,Eu1Ba2Cu2.85Zn0.15O7,33.6
368,Eu1Ba2Cu2.8Co0.2O6.98,55.3
369,Eu1Ba2Cu2.8Ga0.2O6.63,14.0
370,Eu1Ba2Cu2.92Zn0.08O7,54.1
371,Eu1Ba2Cu2.94Zn0.06O7,65.9
372,Eu1Ba2Cu2.95Ga0.05O6.78,79.0
373,Eu1Ba2Cu2.96Zn0.04O7,74.8
374,Eu1Ba2Cu2.98Zn0.02O7,86.15
375,Eu1Ba2Cu2.99Zn0.01O7,91.3
376,Eu1Ba2Cu2.9Co0.1O6.97,72.7
377,Eu1Ba2Cu2.9Ga0.1O6.74,52.0
378,Eu1Ba2Cu2.9Zn0.1O7,47.4
379,Eu1Ba2Cu3O6.5,92.0
380,Eu1Ba2Cu3O6.76,77.0
381,Eu1Ba2Cu3O6.82,94.0
382,Eu1Ba2Cu3O6.88,94.0
383,Eu1Ba2Cu3O6.9,91.0
384,Eu1Ba2Cu3O6.94,93.6
385,Eu1Ba2Cu3O6.97,94.77
386,Eu1Ba2Cu3O7,89.19615384615386
387,Eu1Ba2Cu3O7.01,90.0
388,Eu1Ba2Cu3O7.1,94.9
389,Eu1Ba2Cu3S1O6,85.0
390,Fe0.1Ba1Sr1Y1Cu2.9O7,46.6
391,Fe0.2Ba1Sr1Y1Cu2.8O7,36.1
392,Fe0.3Ba1Sr1Y1Cu2.7O7,7.8
393,Fe0.5Ba1Sr1Dy1Cu2.5O7.447,37.9
394,Fe0.5Ba1Sr1Er1Cu2.5O7.439,47.8
395,Fe0.5Ba1Sr1Ho1Cu2.5O7.462,45.2
396,Fe0.5Ba1Sr1Tm1Cu2.5O7.432,40.0
397,Fe0.5Ba1Sr1Y1Cu2.5O7.35,60.0
398,Fe0.5Ba1Sr1Y1Cu2.5O7.424,52.5
399,Fe0.5Ba1Sr1Yb1Cu2.5O7.432,29.7
400,Fe0.5Ba2Er1Cu2.5O7.46,72.0
401,Fe0.5Ba2Gd1Cu2.5O7.45,72.0
402,Fe0.5Ba2Ho1Cu2.5O7.49,76.0
403,Fe0.5Ba2Tm1Cu2.5O7.43,60.0
404,Fe0.5Ba2Y1Cu2.5O7,73.0
405,Fe0.5Ba2Y1Cu2.5O7.41,80.0
406,Fe0.5Ba2Yb1Cu2.5O7.45,72.0
407,Fe0.5Sr1Ba1Y1Cu2.5O7,58.5
408,Fe0.5Sr2Y1Cu2.5O7,77.0
409,Fe1Sr2Er1Cu2O7.5,52.0
410,Ga0.4Cd0.6Sr2Y0.7Ca0.3Cu2O7,61.5
411,Ga0.5Cd0.5Sr2Y0.7Ca0.3Cu2O7,58.5
412,Ga0.65Cd0.35Sr2Y0.7Ca0.3Cu2O7,51.0
413,Ga0.65Cd0.4Sr2Y1Cu2O7,38.0
414,Ga0.65Cd0.5Sr2Y1Cu2O7,44.0
415,Ga0.65Cd0.6Sr2Y1Cu2O7,50.0
416,Ga0.65Sr2Y0.7Ca0.3Cu2O7,23.5
417,Ga0.6Cd0.4Sr2Y0.7Ca0.3Cu2O7,52.5
418,Ga0.75Cd0.25Sr2Y0.7Ca0.3Cu2O7,45.0
419,Ga0.7Cd0.3Sr2Y0.7Ca0.3Cu2O7,47.5
420,Ga0.85Cd0.15Sr2Y0.7Ca0.3Cu2O7,37.0
421,Ga0.8Cd0.2Sr2Y0.7Ca0.3Cu2O7,41.5
422,Ga0.8Sr2Y0.6Ca0.4Cu2.2O7,42.0
423,Ga0.95Cd0.05Sr2Y0.7Ca0.3Cu2O7,27.5
424,Ga0.9Cd0.1Sr2Y0.7Ca0.3Cu2O7,32.5
425,Ga0.9Sr2Y0.6Ca0.4Cu2.1O7,41.0
426,Ga1Sr2Tm0.65Ca0.35Cu2O7,47.0
427,Ga1Sr2Tm0.6Ca0.4Cu2O7,51.0
428,Ga1Sr2Tm0.75Ca0.25Cu2O7,28.0
429,Ga1Sr2Tm0.7Ca0.3Cu2O7,40.0
430,Ga1Sr2Y0.5Ca0.5Cu2O7,35.0
431,Ga1Sr2Y0.6Ca0.4Cu2O7,38.0
432,Ga1Sr2Y0.7Ca0.3Cu2O7,30.0
433,Ga1Sr2Y0.8Ca0.2Cu2O7,35.0
434,Gd0.2Pr0.3Ca0.5Ba2Cu3O7,96.0
435,Gd0.45Ca0.4Hf0.15Ba2Cu3O7.08,71.9
436,Gd0.45Ca0.4Mo0.15Ba2Cu3O6.537,73.0
437,Gd0.55Ca0.35Hf0.15Ba2Cu3O7.06,76.0
438,Gd0.55Ca0.3Mo0.15Ba2Cu3O6.626,80.7
439,Gd0.5Ca0.35Mo0.15Ba2Cu3O6.586,77.7
440,Gd0.5Ca0.5Sr0.7Ba1.3Cu2.6C0.4O7,78.0
441,Gd0.65Ca0.2Hf0.15Ba2Cu3O6.96,86.3
442,Gd0.65Ca0.2Mo0.15Ba2Cu3O6.818,84.1
443,Gd0.65Pr0.15Ca0.2Ba2Cu3O7,66.6
444,Gd0.65Pr0.1Ca0.25Ba2Cu3O7,60.2
445,Gd0.65Pr0.35Ba2Cu3O7,22.95
446,Gd0.6Ca0.25Hf0.15Ba2Cu3O7,81.3
447,Gd0.6Ca0.25Mo0.15Ba2Cu3O6.761,83.7
448,Gd0.6Pr0.15Ca0.25Ba2Cu3O7,61.5
449,Gd0.6Pr0.4Ba2Cu3O6.95,11.2
450,Gd0.6Pr0.4Ba2Cu3O7,18.45
451,Gd0.75Ca0.1Hf0.15Ba2Cu3O6.89,82.7
452,Gd0.75Ca0.1Mo0.15Ba2Cu3O6.671,75.1
453,Gd0.75Pr0.15Ca0.1Ba2Cu3O7,71.5
454,Gd0.75Pr0.1Ca0.15Ba2Cu3O7,74.2
455,Gd0.75Pr0.25Ba2Cu3O7,51.0
456,Gd0.7Ca0.15Hf0.15Ba2Cu3O6.93,83.8
457,Gd0.7Ca0.15Mo0.15Ba2Cu3O6.716,86.3
458,Gd0.7Pr0.15Ca0.15Ba2Cu3O7,72.4
459,Gd0.7Pr0.1Ca0.2Ba2Cu3O7,69.0
460,Gd0.7Pr0.2Ca0.1Ba2Cu3O7,64.4
461,Gd0.7Pr0.3Ba2Cu3O6.95,30.6
462,Gd0.7Pr0.3Ba2Cu3O7,39.26666666666667
463,Gd0.85Ca0.15Ba2Cu3O7,79.5
464,Gd0.85Hf0.15Ba2Cu3O6.84,81.8
465,Gd0.85Mo0.15Ba2Cu3O6.855,59.2
466,Gd0.85Pr0.15Ba2Cu3O7,61.96666666666667
467,Gd0.85Pr0.1Ca0.05Ba2Cu3O7,70.6
468,Gd0.8Ba1.8Cu3O7,48.55
469,Gd0.8Ca0.05Hf0.15Ba2Cu3O6.86,80.6
470,Gd0.8Ca0.05Mo0.15Ba2Cu3O6.651,66.1
471,Gd0.8Ca0.2Ba2Cu3O7,68.8
472,Gd0.8Hf0.2Ba2Cu3O6.79,79.5
473,Gd0.8Mo0.2Ba2Cu3O6.807,52.5
474,Gd0.8Pr0.15Ca0.05Ba2Cu3O7,64.3
475,Gd0.8Pr0.1Ca0.1Ba2Cu3O7,77.4
476,Gd0.8Pr0.2Ba2Cu3O6.95,53.1
477,Gd0.8Pr0.2Ba2Cu3O7,60.666666666666664
478,Gd0.922Pr0.078Ba2Cu3O7,84.0
479,Gd0.93Ca0.07Ba1Sr1Cu3O6.8804,53.5
480,Gd0.95Ca0.05Ba2Cu3O7,81.9
481,Gd0.95Hf0.05Ba2Cu3O6.91,86.9
482,Gd0.95Mo0.05Ba2Cu3O6.948,82.4
483,Gd0.95Pr0.05Ba2Cu2.94Fe0.06O7,54.5
484,Gd0.95Pr0.05Ba2Cu2.94Mn0.06O7,68.0
485,Gd0.95Pr0.05Ba2Cu2.94Ni0.06O7,64.0
486,Gd0.95Pr0.05Ba2Cu2.94Zn0.06O7,46.2
487,Gd0.95Pr0.05Ba2Cu3O7,87.25
488,Gd0.96Ca0.04Ba1Sr1Cu3O6.9138,71.0
489,Gd0.97Pr0.03Ba2Cu3O7,93.1
490,Gd0.98Ca0.02Ba2Cu3O7,85.4
491,Gd0.99Ca0.01Ba1Sr1Cu3O6.9198,70.5
492,Gd0.9Ca0.1Ba1Sr1Cu3O6.8754,43.0
493,Gd0.9Ca0.1Ba2Cu3O7,84.15
494,Gd0.9Hf0.1Ba2Cu3O6.88,84.2
495,Gd0.9Mo0.1Ba2Cu3O6.907,65.9
496,Gd0.9Pr0.1Ba2Cu3O6.95,74.3
497,Gd0.9Pr0.1Ba2Cu3O7,72.2
498,Gd1.05Ba1.95Cu3O6.94,85.0
499,Gd1.15Ba1.85Cu3O6.99,48.0
500,Gd1.1Ba1.9Cu3O7,86.8
501,Gd1.25Ba1.75Cu3O6.98,28.0
502,Gd1.2Ba1.8Cu3O7.03,42.0
503,Gd1Ba1.5Sr0.5Cu3O6.63,17.0
504,Gd1Ba1.5Sr0.5Cu3O6.72,32.0
505,Gd1Ba1.5Sr0.5Cu3O6.73,50.0
506,Gd1Ba1.5Sr0.5Cu3O6.93,85.5
507,Gd1Ba1.5Sr0.5Cu3O7,85.6
508,Gd1Ba1.65Pr0.35Cu3O6.97,10.0
509,Gd1Ba1.75Pr0.25Cu3O7.06,39.2
510,Gd1Ba1.7Pr0.3Cu3O7.06,22.9
511,Gd1Ba1.85Pr0.15Cu3O7.09,55.8
512,Gd1Ba1.8Pr0.2Cu3O7.01,44.5
513,Gd1Ba1.95Pr0.05Cu3O7.03,86.8
514,Gd1Ba1.9Pr0.1Cu3O7.03,63.3
515,Gd1Ba1Sr1Cu3O6.77,4.0
516,Gd1Ba1Sr1Cu3O6.93,83.0
517,Gd1Ba1Sr1Cu3O6.9371,76.5
518,Gd1Ba1Sr1Cu3O6.94,86.0
519,Gd1Ba1Sr1Cu3O7,83.5
520,Gd1Ba2Cu2.64Fe0.36O6.99,21.0
521,Gd1Ba2Cu2.64Fe0.36O7,18.6
522,Gd1Ba2Cu2.67Fe0.33O7,11.8
523,Gd1Ba2Cu2.73Fe0.27O6.98,40.0
524,Gd1Ba2Cu2.73Fe0.27O7,36.4
525,Gd1Ba2Cu2.76Fe0.24O7,40.6
526,Gd1Ba2Cu2.775Fe0.225O7,33.0
527,Gd1Ba2Cu2.7Co0.3O6.9,33.0
528,Gd1Ba2Cu2.7Co0.3O7,13.0
529,Gd1Ba2Cu2.7Fe0.3O6.9,41.0
530,Gd1Ba2Cu2.7Fe0.3O7,14.299999999999999
531,Gd1Ba2Cu2.7Ga0.3O7,21.0
532,Gd1Ba2Cu2.7Ni0.3O7,32.3
533,Gd1Ba2Cu2.82Fe0.18O6.91,41.0
534,Gd1Ba2Cu2.82Fe0.18O7,55.2
535,Gd1Ba2Cu2.85Fe0.15O7,55.05
536,Gd1Ba2Cu2.85Zn0.15O7,42.4
537,Gd1Ba2Cu2.8Co0.2O7,49.0
538,Gd1Ba2Cu2.8Fe0.2O7,49.0
539,Gd1Ba2Cu2.8Ni0.2O7,55.1
540,Gd1Ba2Cu2.91Fe0.09O6.94,75.0
541,Gd1Ba2Cu2.925Fe0.075O7,72.65
542,Gd1Ba2Cu2.92Zn0.08O7,55.9
543,Gd1Ba2Cu2.94Fe0.06O7,85.0
544,Gd1Ba2Cu2.94Zn0.06O7,65.9
545,Gd1Ba2Cu2.96Zn0.04O7,72.7
546,Gd1Ba2Cu2.97Fe0.03O7,88.2
547,Gd1Ba2Cu2.98Zn0.02O7,86.15
548,Gd1Ba2Cu2.99Zn0.01O7,89.8
549,Gd1Ba2Cu2.9Co0.1O7,76.0
550,Gd1Ba2Cu2.9Fe0.1O7,75.0
551,Gd1Ba2Cu2.9Ga0.1O7,62.0
552,Gd1Ba2Cu2.9Ni0.1O7,77.7
553,Gd1Ba2Cu2.9Zn0.1O7,49.2
554,Gd1Ba2Cu3H0.12O6.89,84.0
555,Gd1Ba2Cu3H0.43O6.89,82.0
556,Gd1Ba2Cu3O6.758,92.0
557,Gd1Ba2Cu3O6.8,81.0
558,Gd1Ba2Cu3O6.89,92.9
559,Gd1Ba2Cu3O6.9,92.0
560,Gd1Ba2Cu3O6.94,90.8
561,Gd1Ba2Cu3O6.95,90.0
562,Gd1Ba2Cu3O6.969,91.0
563,Gd1Ba2Cu3O6.98,94.2
564,Gd1Ba2Cu3O6.99,92.45
565,Gd1Ba2Cu3O7,89.762
566,Gd1Ba2Cu3O7.08,93.8
567,Gd1Ba2Cu3S1O6,92.0
568,Gd1Sr2Cu2.7Mo0.3O7,25.7
569,Hg0.4Ce0.6Sr2.5Ca0.1Nd0.5Cu2.1O7,60.0
570,Hg0.4Ce0.6Sr2.5Ca0.2Nd0.2Cu2.1O7,65.0
571,Hg0.4Ce0.6Sr2.5Ca0.4Cu2.1O7,51.0
572,Hg0.4Pr1.1Sr2Ca0.5Cu2O6.9,60.0
573,Hg0.5Fe0.5Sr2Y0.2Ca0.8Cu2O6.63,63.5
574,Hg0.5Fe0.5Sr2Y0.3Ca0.7Cu2O6.65,72.5
575,Hg0.5Fe0.5Sr2Y0.4Ca0.6Cu2O6.67,77.5
576,Hg0.5Fe0.5Sr2Y0.5Ca0.5Cu2O6.68,66.5
577,Hg0.5Fe0.5Sr2Y0.6Ca0.4Cu2O6.7,46.0
578,Hg0.5Fe0.5Sr2Y0.7Ca0.3Cu2O6.7,24.0
579,Hg0.5Fe0.5Sr2Y0.8Ca0.2Cu2O6.72,30.0
580,Hg0.65V0.35Sr2Ca0.55Nd0.45Cu2O6.8,67.0
581,Hg1Ba2Ca1Cu2FO6,128.0
582,Ho0.43Pr0.57Ba2Cu3O7,9.51
583,Ho0.45Pr0.55Ba2Cu3O7,20.7
584,Ho0.48Pr0.52Ba2Cu3O7,25.8
585,Ho0.55Pr0.45Ba2Cu3O7,39.8
586,Ho0.5Ca0.5Sr0.7Ba1.3Cu2.6C0.4O7,79.0
587,Ho0.5Pr0.5Ba2Cu3O6.67,24.3
588,Ho0.5Pr0.5Ba2Cu3O7,28.3
589,Ho0.65Pr0.35Ba2Cu3O7,53.4
590,Ho0.6Pr0.4Ba2Cu3O7,44.0
591,Ho0.75Pr0.25Ba2Cu3O7,67.5
592,Ho0.7Pr0.3Ba2Cu3O7,60.0
593,Ho0.85Pr0.15Ba2Cu3O7,81.2
594,Ho0.8Pr0.2Ba2Cu3O7,76.39999999999999
595,Ho0.95Pr0.05Ba2Cu3O7,60.5
596,Ho0.9Ca0.1Ba2Cu3O7,89.0
597,Ho0.9Pr0.1Ba2Cu3O7,86.7
598,Ho1Ba1.5Sr0.5Cu3O7,86.8
599,Ho1Ba1Sr1Cu3O6.94,79.0
600,Ho1Ba2Cu2.55Ni0.45O7,75.0
601,Ho1Ba2Cu2.775Fe0.225O7,64.0
602,Ho1Ba2Cu2.775Ni0.225O7,84.0
603,Ho1Ba2Cu2.7Fe0.3O7,41.0
604,Ho1Ba2Cu2.7Ni0.3O7,78.0
605,Ho1Ba2Cu2.85Fe0.15O7,85.0
606,Ho1Ba2Cu2.925Fe0.075O7,88.0
607,Ho1Ba2Cu2.925Ni0.075O7,90.0
608,Ho1Ba2Cu2.94O6.94,77.0
609,Ho1Ba2Cu3O6.71,92.9
610,Ho1Ba2Cu3O6.87,92.3
611,Ho1Ba2Cu3O6.9,91.5
612,Ho1Ba2Cu3O6.96,91.8
613,Ho1Ba2Cu3O7,91.97777777777779
614,In0.2Pb0.55Sr2Ca0.5Y0.5Cu2.25O7,60.0
615,La0.25Dy0.75Ba1Ca1Cu3O7,59.0
616,La0.25Sm0.75Ba1Ca1Cu3O7,65.0
617,La0.2Pr0.3Ca0.5Ba2Cu3O7,100.0
618,La0.4Pr0.4Ba1Ca1Cu3O7,14.0
619,La0.55Ca0.15Pr0.3Ba1.5Sr0.5Cu3O6.851,27.0
620,La0.5Ca0.2Pr0.3Ba1.5Sr0.5Cu3O6.829,34.0
621,La0.5Dy0.5Ba1Ca1Cu3O7,55.0
622,La0.5Pr0.5Ba2Cu3O7,51.7
623,La0.5Sm0.5Ba1Ca1Cu3O7,66.0
624,La0.65Ca0.05Pr0.3Ba1.5Sr0.5Cu3O6.896,14.0
625,La0.65Ca0.15Pr0.2Ba1.5Sr0.5Cu3O6.84,45.0
626,La0.6Ca0.1Pr0.3Ba1.5Sr0.5Cu3O6.872,26.0
627,La0.6Ca0.2Pr0.2Ba1.5Sr0.5Cu3O6.809,47.0
628,La0.6Pr0.4Ba2Cu3O7,54.8
629,La0.6Pr0.6Ba1Ca1Cu3O7,28.0
630,La0.75Ca0.05Pr0.2Ba1.5Sr0.5Cu3O6.886,33.0
631,La0.75Ca0.15Pr0.1Ba1.5Sr0.5Cu3O6.845,62.0
632,La0.75Dy0.25Ba1Ca1Cu3O7,56.0
633,La0.75Nd0.25Ba1Ca1Cu3O7,55.0
634,La0.75Sm0.25Ba1Ca1Cu3O7,71.0
635,La0.7Ca0.1Pr0.2Ba1.5Sr0.5Cu3O6.862,40.0
636,La0.7Ca0.2Pr0.1Ba1.5Sr0.5Cu3O6.809,63.0
637,La0.7Pr0.3Ba2Cu3O7,57.1
638,La0.7Pr0.3Ca1Ba1Cu3O7,40.0
639,La0.85Ca0.05Pr0.1Ba1.5Sr0.5Cu3O6.865,50.0
640,La0.85Ca0.15Ba1.5Sr0.5Cu3O6.819,71.0
641,La0.8Ca0.1Pr0.1Ba1.5Sr0.5Cu3O6.856,56.0
642,La0.8Ca0.2Ba1.5Sr0.5Cu3O6.794,73.0
643,La0.8Pr0.2Ba1.5Sr0.5Cu3O6.906,24.0
644,La0.8Pr0.2Ba1Ca1Cu3O7,52.0
645,La0.8Pr0.2Ba2Cu3O7,40.15
646,La0.95Ca0.05Ba1.5Sr0.5Cu3O6.878,66.0
647,La0.9Ba1.5Ca0.6Cu3O6.74,73.0
648,La0.9Ca0.1Ba1.5Sr0.5Cu3O6.847,68.0
649,La0.9Pr0.1Ba1.5Sr0.5Cu3O6.904,44.0
650,La0.9Pr0.1Ba2Cu3O7,68.3
651,La1.05Ba1.5Ca0.45Cu3O6.81,74.0
652,La1.1Ba1.4Sr0.5Cu3O6.954,50.1
653,La1.1Ba1.5Ca0.4Cu3O6.76,34.0
654,La1.1Ba1.5Ca0.4Cu3O6.82,72.0
655,La1.1Ba1.5Ca0.4Cu3O6.97,70.0
656,La1.1Ba1.5Ca0.4Cu3O7.06,79.0
657,La1.1Ba1.5Ca0.4Cu3O7.11,77.0
658,La1.1Ba1.5Ca0.4Cu3O7.123,76.0
659,La1.1Ba1.5Ca0.4Cu3O7.17,70.0
660,La1.1Ba1.5Ca0.4Cu3O7.25,35.0
661,La1.25Ba1.35Ca0.4Cu3O7.16,79.8
662,La1.25Ba1.45Ca0.3Cu3O7.15,75.2
663,La1.25Ba1.55Ca0.2Cu3O7.16,68.5
664,La1.25Ba1.5Ca0.25Cu3O6.74,70.0
665,La1.25Ba1.65Ca0.1Cu3O7.15,57.3
666,La1.25Ba1.75Cu3O7.07,40.0
667,La1.25Ca0.05Ba1.7Cu3O7.03,38.6
668,La1.25Ca0.15Ba1.6Cu3O7.052,45.6
669,La1.25Ca0.1Ba1.65Cu3O7.06,38.8
670,La1.25Ca0.25Ba1.5Cu3O7.087,62.9
671,La1.25Ca0.2Ba1.55Cu3O7.082,50.2
672,La1.25Ca0.35Ba1.4Cu3O7.108,74.3
673,La1.25Ca0.3Ba1.45Cu3O7.11,67.1
674,La1.25Ca0.45Ba1.3Cu3O7.135,79.2
675,La1.25Ca0.4Ba1.35Cu3O7.141,77.8
676,La1.25Ca0.5Ba1.25Cu3O7.137,79.2
677,La1.2Ba1.3Sr0.5Cu3O6.943,45.1
678,La1.2Ba1.5Ca0.3Cu3O6.72,27.0
679,La1.2Ba1.5Ca0.3Cu3O6.93,60.0
680,La1.2Ba1.5Ca0.3Cu3O7.06,75.2
681,La1.2Ba1.8Cu3O6.98,80.0
682,La1.2Ba1.8Cu3O7.2,27.0
683,La1.2Ba1.8Cu3O7.3,27.0
684,La1.35Ba1.5Ca0.15Cu3O6.67,43.0
685,La1.3Ba1.2Sr0.5Cu3O6.955,38.0
686,La1.3Ba1.3Sr0.4Cu3O6.928,45.2
687,La1.3Ba1.4Sr0.3Cu3O6.91,50.0
688,La1.3Ba1.5Ca0.2Cu3O6.7,20.0
689,La1.3Ba1.5Ca0.2Cu3O6.72,48.0
690,La1.3Ba1.5Ca0.2Cu3O6.92,45.0
691,La1.3Ba1.5Ca0.2Cu3O6.94,52.0
692,La1.3Ba1.5Sr0.2Cu3O6.901,43.8
693,La1.4Ba1.5Ca0.1Cu3O6.903,25.0
694,La1.4Ba1.5Ca0.1Cu3O6.943,40.0
695,La1.4Ba1.5Ca0.1Cu3O6.982,51.0
696,La1.5Ba1.1Ca0.4Cu3O6.764,25.0
697,La1.5Ba1.1Ca0.4Cu3O6.969,40.0
698,La1.5Ba1.1Ca0.4Cu3O7.05,55.0
699,La1.5Ba1.1Ca0.4Cu3O7.082,62.0
700,La1.5Ba1.3Ca0.2Cu3O6.897,16.0
701,La1.5Ba1.3Ca0.2Cu3O6.918,25.0
702,La1.5Ba1.3Ca0.2Cu3O6.957,35.0
703,La1.5Ba1.3Ca0.2Cu3O7.002,16.0
704,La1.5Ba1.4Ca0.1Cu3O6.912,13.5
705,La1.5Ba1.4Ca0.1Cu3O6.932,25.0
706,La1.5Ba1.4Ca0.1Cu3O6.964,35.0
707,La1.5Ba1Ca0.5Cu3O6.801,30.0
708,La1.5Ba1Ca0.5Cu3O6.981,50.0
709,La1.5Ba1Ca0.5Cu3O7.126,67.0
710,La1.5Ba1Ca0.5Cu3O7.195,74.0
711,La1.5Ba1Sr0.5Cu3O6.955,26.9
712,La1.65Ba1.5Ca0.35Cu3O6.79,72.0
713,La1Ba0.8Ca1.2Cu3O7.11,60.0
714,La1Ba0.9Ca1.1Cu3O7.05,71.0
715,La1Ba1.1Ca0.9Cu3O7.02,75.0
716,La1Ba1.25Ca0.75Cu3O6.958,79.9
717,La1Ba1.25Sr0.75Cu3O6.996,54.1
718,La1Ba1.2Ca0.8Cu3O6.95,74.0
719,La1Ba1.3Ca0.7Cu3O6.92,73.0
720,La1Ba1.4Ca0.6Cu3O6.9,74.0
721,La1Ba1.5Ca0.5Cu3O6.79,40.0
722,La1Ba1.5Ca0.5Cu3O6.85,76.0
723,La1Ba1.5Ca0.5Cu3O6.96,79.9
724,La1Ba1.5Ca0.5Cu3O7.011,78.0
725,La1Ba1.5Ca0.5Cu3O7.079,76.0
726,La1Ba1.5Ca0.5Cu3O7.112,72.0
727,La1Ba1.5Ca0.5Cu3O7.16,56.0
728,La1Ba1.5Sr0.5Cu3O6.902,54.0
729,La1Ba1.5Sr0.5Cu3O6.948,57.1
730,La1Ba1.5Sr0.5Cu3O6.967,65.2
731,La1Ba1.5Sr0.5Cu3O7,52.4
732,La1Ba1.75Ca0.25Cu3O6.951,80.0
733,La1Ba1.75Sr0.25Cu3O6.946,72.5
734,La1Ba1.87Ca0.13Cu3O6.923,82.0
735,La1Ba1Ca1Cu2.6Ni0.4O6.854,24.0
736,La1Ba1Ca1Cu2.7Ni0.3O6.848,28.0
737,La1Ba1Ca1Cu2.8Ni0.2O6.837,30.0
738,La1Ba1Ca1Cu2.9Ni0.1O6.85,45.0
739,La1Ba1Ca1Cu2.9P0.1O7.4,20.0
740,La1Ba1Ca1Cu3O6.856,66.0
741,La1Ba1Ca1Cu3O6.98,76.35
742,La1Ba1Ca1Cu3O6.99,75.0
743,La1Ba1Ca1Cu3O7,63.0
744,La1Ba1Sr1Cu3O6.94,57.0
745,La1Ba1Sr1Cu3O7.01,41.5
746,La1Ba2Cu2.95Co0.05O6.94,40.5
747,La1Ba2Cu2.9O6.8,45.0
748,La1Ba2Cu2.9O6.82,45.0
749,La1Ba2Cu3O6.85,93.0
750,La1Ba2Cu3O6.89,76.0
751,La1Ba2Cu3O6.95,74.0
752,La1Ba2Cu3O7,91.53333333333335
753,La1Ca1Ba1Cu2.7Zn0.3O7,20.0
754,La1Ca1Ba1Cu2.8Zn0.2O7,30.0
755,La1Ca1Ba1Cu2.95Zn0.05O7,55.0
756,La1Ca1Ba1Cu2.9Zn0.1O7,37.0
757,Lu0.45Pr0.55Ba2Cu3O7,13.0
758,Lu0.55Pr0.45Ba1.7Sr0.3Cu3O6.92,35.0
759,Lu0.55Pr0.45Ba2Cu3O7,24.0
760,Lu0.5Ca0.5Sr0.7Ba1.3Cu2.6C0.4O7,77.0
761,Lu0.5Pr0.4Ca0.1Ba2Cu3O7,57.0
762,Lu0.5Pr0.5Ba1.7Sr0.3Cu3O6.92,20.0
763,Lu0.5Pr0.5Ba2Cu3O6.75,40.1
764,Lu0.5Pr0.5Ba2Cu3O7,33.0
765,Lu0.65Pr0.35Ba1.7Sr0.3Cu3O6.93,52.0
766,Lu0.6Pr0.3Ca0.1Ba2Cu3O7,67.25
767,Lu0.6Pr0.4Ba1.7Sr0.3Cu3O6.91,47.0
768,Lu0.6Pr0.4Ba2Cu3O7,54.03333333333333
769,Lu0.75Ce0.15Ca0.1Ba2Cu3O7,69.5
770,Lu0.75Pr0.25Ba1.7Sr0.3Cu3O6.9,66.0
771,Lu0.7Ca0.3Ba2Cu3O6.62,80.0
772,Lu0.7Ca0.3Ba2Cu3O6.78,54.0
773,Lu0.7Ca0.3Ba2Cu3O6.88,45.0
774,Lu0.7Ce0.15Ca0.15Ba2Cu3O7,62.0
775,Lu0.7Pr0.2Ca0.1Ba2Cu3O7,75.0
776,Lu0.7Pr0.3Ba1.7Sr0.3Cu3O6.89,61.0
777,Lu0.7Pr0.3Ba2Cu3O7,71.5
778,Lu0.85Pr0.15Ba1.7Sr0.3Cu3O6.91,77.0
779,Lu0.85Pr0.15Ba2Cu3O7,86.1
780,Lu0.8Ca0.2Ba2Cu3O6.54,65.0
781,Lu0.8Ca0.2Ba2Cu3O6.68,78.0
782,Lu0.8Ca0.2Ba2Cu3O6.81,52.0
783,Lu0.8Ca0.2Ba2Cu3O6.91,48.0
784,Lu0.8Ce0.15Ca0.05Ba2Cu3O7,63.0
785,Lu0.8Ce0.1Ca0.1Ba2Cu3O7,73.5
786,Lu0.8Pr0.1Ca0.1Ba2Cu3O7,78.0
787,Lu0.8Pr0.2Ba1.7Sr0.3Cu3O6.93,75.0
788,Lu0.8Pr0.2Ba2Cu3O7,80.25
789,Lu0.93Pr0.07Ba2Cu3O7,81.5
790,Lu0.9Ce0.05Ca0.05Ba2Cu3O7,81.0
791,Lu0.9Ce0.1Ba2Cu3O7,60.0
792,Lu0.9Pr0.05Ca0.05Ba2Cu3O7,82.0
793,Lu0.9Pr0.1Ba1.7Sr0.3Cu3O6.95,79.0
794,Lu0.9Pr0.1Ba2Cu3O7,84.5
795,Lu1Ba1.7Sr0.3Cu3O7,79.0
796,Lu1Ba1Sr1Cu3O6.94,54.0
797,Lu1Ba2Cu3O7,88.155
798,Mo0.25Sr2Y1Cu2.75O7,87.53333333333335
799,Mo1Sr2Y1Cu2O7,25.0
800,Nb1Ba2Cu2.92Ga0.08O7,52.4
801,Nb1Ba2Cu2.93Ga0.07O7,52.0
802,Nb1Ba2Cu2.94Ga0.06O7,56.2
803,Nb1Ba2Cu2.95Ga0.05O7,60.0
804,Nb1Ba2Cu2.96Ga0.04O7,60.6
805,Nb1Ba2Cu2.98Ga0.02O7,80.2
806,Nb1Ba2Cu2.9Ga0.1O7,42.6
807,Nd0.2Pr0.3Ca0.5Ba2Cu3O7,100.0
808,Nd0.5Ca0.5Sr0.7Ba1.3Cu2.6C0.4O7,74.0
809,Nd0.65Pr0.35Ba1Ca1Cu3O7,10.0
810,Nd0.75Pr0.25Ba1Ca1Cu3O7,26.0
811,Nd0.75Pr0.25Ba2Cu3O6.85,9.2
812,Nd0.75Pr0.25Ba2Cu3O6.96,11.7
813,Nd0.7Pr0.3Ba1.15Sr0.85Cu3O7,38.0
814,Nd0.7Pr0.3Ba1.25Sr0.75Cu3O7,34.0
815,Nd0.7Pr0.3Ba1Sr1Cu3O6.87,34.0
816,Nd0.7Pr0.3Ba1Sr1Cu3O7,44.0
817,Nd0.7Pr0.3Ba2Cu3O7,5.6
818,Nd0.85La0.15Ba2Cu3O7,89.21
819,Nd0.85Pr0.15Ba2Cu3O6.75,21.6
820,Nd0.85Pr0.15Ba2Cu3O6.85,41.3
821,Nd0.85Pr0.15Ba2Cu3O7,50.2
822,Nd0.8Ca0.1Pr0.1Ba2Cu3O7,70.8
823,Nd0.8Ca0.1Pr0.1Ba2Cu3O7.02,70.8
824,Nd0.8Ca0.2Ba1Sr1Cu3O6.78,77.0
825,Nd0.8Pr0.2Ba2Cu3O6.75,9.8
826,Nd0.8Pr0.2Ba2Cu3O6.81,50.0
827,Nd0.8Pr0.2Ba2Cu3O6.85,30.2
828,Nd0.8Pr0.2Ba2Cu3O7,36.775
829,Nd0.92Pr0.08Ba2Cu3O7,68.2
830,Nd0.94Ca0.06Ba2Cu3O7,88.0
831,Nd0.95Ca0.025Pr0.025Ba2Cu3O6.95,86.1
832,Nd0.95Ca0.025Pr0.025Ba2Cu3O7,86.1
833,Nd0.95La0.05Ba2Cu3O7,91.78
834,Nd0.95Pr0.05Ba2Cu3O6.6,4.1
835,Nd0.95Pr0.05Ba2Cu3O6.65,26.7
836,Nd0.95Pr0.05Ba2Cu3O6.75,45.8
837,Nd0.95Pr0.05Ba2Cu3O6.85,57.2
838,Nd0.95Pr0.05Ba2Cu3O7,84.4
839,Nd0.97Ca0.03Ba2Cu3O7,90.36
840,Nd0.97Pr0.03Ba2Cu3O7,85.1
841,Nd0.9Ba1.7Ca0.4Cu3O6.801,72.0
842,Nd0.9Ba1.7Sr0.4Cu3O6.666,82.0
843,Nd0.9Ca0.05Pr0.05Ba2Cu3O6.95,81.4
844,Nd0.9Ca0.05Pr0.05Ba2Cu3O7,81.4
845,Nd0.9Ca0.1Ba1Sr1Cu3O6.85,71.0
846,Nd0.9Ca0.1Ba2Cu3O6.63,84.5
847,Nd0.9Ca0.1Ba2Cu3O7,85.67
848,Nd0.9La0.1Ba2Cu3O7,91.09
849,Nd0.9Pr0.1Ba1Ca1Cu3O7,35.0
850,Nd0.9Pr0.1Ba2Cu3O6.65,16.8
851,Nd0.9Pr0.1Ba2Cu3O6.75,35.9
852,Nd0.9Pr0.1Ba2Cu3O6.85,48.3
853,Nd0.9Pr0.1Ba2Cu3O7,73.0
854,Nd1.04Ba1.96Cu3O7,86.0
855,Nd1.05Ba1.95Cu3O7,91.9
856,Nd1.15Ba1.85Cu3O6.96,76.8
857,Nd1.15Ba1.85Cu3O7,67.1
858,Nd1.1Ba1.5Ca0.4Cu3O6.864,54.0
859,Nd1.1Ba1.7Ca0.2Cu3O6.894,65.0
860,Nd1.1Ba1.7Sr0.2Cu3O6.858,70.0
861,Nd1.1Ba1.9Cu3O6.9,92.0
862,Nd1.1Ba1.9Cu3O6.935,76.0
863,Nd1.1Ba1.9Cu3O6.96,87.6
864,Nd1.1Ba1.9Cu3O7,80.4
865,Nd1.1Ba1.9Cu3O7.05,65.5
866,Nd1.25Ba1.75Cu3O6.99,52.7
867,Nd1.25Ba1.75Cu3O7,43.8
868,Nd1.2Ba1.4Ca0.4Cu3O6.888,40.0
869,Nd1.2Ba1.4Sr0.4Cu3O6.731,65.0
870,Nd1.2Ba1.4Sr0.4Cu3O6.789,41.0
871,Nd1.2Ba1.6Ca0.2Cu3O6.929,51.0
872,Nd1.2Ba1.6Sr0.2Cu3O6.885,45.0
873,Nd1.2Ba1.8Cu3O6.91,47.6
874,Nd1.2Ba1.8Cu3O6.954,50.0
875,Nd1.2Ba1.8Cu3O6.96,80.0
876,Nd1.2Ba1.8Cu3O7,53.76666666666667
877,Nd1.2Ba1.8Cu3O7.1,43.5
878,Nd1.35Ba1.65Cu3O7.02,35.9
879,Nd1.3Ba1.3Ca0.4Cu3O6.912,13.0
880,Nd1.3Ba1.5Ca0.2Cu3O6.952,36.0
881,Nd1.3Ba1.5Sr0.2Cu3O6.917,36.0
882,Nd1.3Ba1.7Cu3O6.987,33.0
883,Nd1.3Ba1.7Cu3O7,44.099999999999994
884,Nd1.3Ba1.7Cu3O7.14,32.0
885,Nd1.45Ba1.55Cu3O7.08,26.5
886,Nd1.4Ba1.6Cu3O7,15.7
887,Nd1.4Ba1.6Cu3O7.09,38.0
888,Nd1.5Ba1.5Cu3O7.12,15.4
889,Nd1.5Ba1.5Cu3O7.14,20.0
890,Nd1Ba1.2Sr0.8Cu3O6.97,66.9
891,Nd1Ba1.4Sr0.6Cu3O6.94,75.0
892,Nd1Ba1.5Sr0.5Cu3O6.91,77.0
893,Nd1Ba1.5Sr0.5Cu3O7,56.4
894,Nd1Ba1.6Ca0.4Cu3O6.828,65.0
895,Nd1Ba1.6Sr0.4Cu3O6.721,78.5
896,Nd1Ba1.6Sr0.4Cu3O6.94,86.0
897,Nd1Ba1.8Ca0.2Cu3O6.866,73.0
898,Nd1Ba1.8Sr0.2Cu3O6.927,82.0
899,Nd1Ba1.8Sr0.2Cu3O6.96,91.1
900,Nd1Ba1Ca1Cu3O7,43.0
901,Nd1Ba1Sr0.2Ca0.8Cu3O7,51.0
902,Nd1Ba1Sr0.4Ca0.6Cu3O7,63.0
903,Nd1Ba1Sr0.6Ca0.4Cu3O7,66.0
904,Nd1Ba1Sr0.85Ca0.15Cu3O7,69.0
905,Nd1Ba1Sr0.8Ca0.2Cu3O7,69.0
906,Nd1Ba1Sr0.95Ca0.05Cu3O7,67.0
907,Nd1Ba1Sr0.9Ca0.1Cu3O7,70.0
908,Nd1Ba1Sr1Cu3O6.92,64.0
909,Nd1Ba1Sr1Cu3O6.94,74.0
910,Nd1Ba1Sr1Cu3O7.02,49.9
911,Nd1Ba2Cu2.55Ni0.45O7,46.0
912,Nd1Ba2Cu2.775Fe0.225O7,46.0
913,Nd1Ba2Cu2.775Ni0.225O7,72.0
914,Nd1Ba2Cu2.7Fe0.3O7,24.0
915,Nd1Ba2Cu2.7Ni0.3O7,62.0
916,Nd1Ba2Cu2.85Fe0.15O7,57.0
917,Nd1Ba2Cu2.85Ga0.15O6.62,23.0
918,Nd1Ba2Cu2.85Ni0.15O7,75.0
919,Nd1Ba2Cu2.91Ga0.09O7,50.1
920,Nd1Ba2Cu2.925Fe0.075O7,66.0
921,Nd1Ba2Cu2.925Ni0.075O7,80.0
922,Nd1Ba2Cu2.92Zn0.08O7,36.6
923,Nd1Ba2Cu2.94Zn0.06O7,64.1
924,Nd1Ba2Cu2.95Ga0.05O6.59,53.0
925,Nd1Ba2Cu2.96Zn0.04O7,72.7
926,Nd1Ba2Cu2.97Ga0.03O7,70.5
927,Nd1Ba2Cu2.98Zn0.02O7,85.75
928,Nd1Ba2Cu2.99Ga0.01O7,81.2
929,Nd1Ba2Cu2.99Zn0.01O7,94.5
930,Nd1Ba2Cu2.9Ga0.1O6.61,38.0
931,Nd1Ba2Cu2.9Zn0.1O7,25.0
932,Nd1Ba2Cu3O6.6,14.0
933,Nd1Ba2Cu3O6.65,34.3
934,Nd1Ba2Cu3O6.67,29.0
935,Nd1Ba2Cu3O6.75,52.8
936,Nd1Ba2Cu3O6.76,94.0
937,Nd1Ba2Cu3O6.78,63.0
938,Nd1Ba2Cu3O6.81,91.7
939,Nd1Ba2Cu3O6.82,95.0
940,Nd1Ba2Cu3O6.84,93.0
941,Nd1Ba2Cu3O6.85,67.4
942,Nd1Ba2Cu3O6.86,78.6
943,Nd1Ba2Cu3O6.93,91.5
944,Nd1Ba2Cu3O6.94,90.0
945,Nd1Ba2Cu3O6.95,89.0
946,Nd1Ba2Cu3O6.98,91.0
947,Nd1Ba2Cu3O7,91.62035714285716
948,Nd1Ba2Cu3O7.04,82.5
949,Nd1Ba2Cu3O7.16,95.3
950,Nd1Ba2Cu3S1O6,69.0
951,Pb0.5Ca1Sr2Y0.5Cu2O6.93,30.0
952,Pb0.5Ca1Sr2Y0.5Cu2O6.95,50.0
953,Pb0.5Ca1Sr2Y0.5Cu2O6.97,55.0
954,Pb0.5Ca1Sr2Y0.5Cu2O7,62.0
955,Pb0.5Cd0.5Sr1.5Ba0.5Ca0.5Y0.5Cu2O7,49.0
956,Pb0.5Cd0.5Sr1.6Ba0.4Ca0.5Y0.5Cu2O7,36.0
957,Pb0.5Cd0.5Sr2Ca0.5Y0.5Cu2O7,65.0
958,Pb0.5Cd0.5Sr2Tb0.5Ca0.5Cu2O7,19.0
959,Pb0.5Cd0.5Sr2Tb0.6Ca0.4Cu2O7,19.0
960,Pb0.5Cd0.5Sr2Y0.5Ca0.5Cu2O7,52.0
961,Pb0.5Cu0.5Sr2Y0.5Ca0.5Cu2O7,31.0
962,Pb0.5Sr1.8Ba0.2Y0.85Ca0.15Cu2.5O6.98,25.0
963,Pb0.5Sr2.5Y0.5Ca0.5Cu2O7,75.0
964,Pb0.5Sr2Ca0.5Dy0.5Cu2.5O7,65.9
965,Pb0.5Sr2Ca0.5Er0.5Cu2.5O7,70.0
966,Pb0.5Sr2Ca0.5Eu0.5Cu2.5O7,60.0
967,Pb0.5Sr2Ca0.5Gd0.5Cu2.5O7,60.0
968,Pb0.5Sr2Ca0.5Ho0.5Cu2.5O7,67.9
969,Pb0.5Sr2Ca0.5Nd0.5Cu2.5O7,60.0
970,Pb0.5Sr2Ca0.5Sm0.5Cu2.5O7,62.0
971,Pb0.5Sr2Ca0.5Tm0.5Cu2.5O7,72.0
972,Pb0.5Sr2Ca0.5Y0.5Cu2.5O7,65.0
973,Pb0.5Sr2Ca1Cu2.5O6.8,115.0
974,Pb0.5Sr2Y0.6Ca0.4Cu2.5O6.97,67.0
975,Pb0.75Sr2Ca0.5Y0.5Cu2.25O7,45.0
976,Pb0.7Hg0.3Sr2Nd0.3Ca0.7Cu2O6.6,90.0
977,Pb0.7Sr2Ca0.5Y0.5Cu2.3O7,40.0
978,Pb2Cu0.9La1.1Cu2O7.42,18.1
979,Pb2Sr0.9La1.1Cu2O6.65,30.3
980,Pr0.2Ca0.8Ba1La1Cu3O7.1,33.5
981,Pr0.4Ca0.6Ba2Cu3O7,54.0
982,Pr0.5Ca0.5Ba2Cu3O7,66.6
983,Pr0.5Ca0.5Sr0.7Ba1.3Cu2.6C0.4O7,30.0
984,Pr0.5Y0.5Ba2Cu3O7,22.0
985,Pr0.6Ca0.4Ba2Cu3O7,28.25
986,Pr0.85Ca0.15Sr2Cu2.7Mo0.3O7,16.0
987,Pr0.85Sr2.15Cu2.7Mo0.3O7,17.0
988,Pr0.8Sr2.2Cu2.7Mo0.3O7,21.0
989,Pr0.95Ca0.05Sr2Cu2.7Mo0.3O7,17.0
990,Pr0.95Sr2.05Cu2.7Mo0.3O7,13.0
991,Pr0.9Ca0.1Sr2Cu2.7Mo0.3O7,17.0
992,Pr0.9Sr2.1Cu2.7Mo0.3O7,17.0
993,Pr1Ba2Cu3O6.6,60.0
994,Pr1Ba2Cu3O6.8,81.0
995,Pr1Ba2Cu3O7,91.0
996,Sm0.2Pr0.3Ca0.5Ba2Cu3O7,98.0
997,Sm0.5Ca0.5Sr0.7Ba1.3Cu2.6C0.4O7,77.0
998,Sm0.5Eu0.5Ba2Cu3O7,95.0
999,Sm0.7Pr0.3Ba2Cu3O6.65,10.6
1000,Sm0.7Pr0.3Ba2Cu3O6.75,6.6
1001,Sm0.7Pr0.3Ba2Cu3O6.8,5.0
1002,Sm0.7Pr0.3Ba2Cu3O6.85,4.4
1003,Sm0.7Pr0.3Ba2Cu3O6.95,17.5
1004,Sm0.8Ca0.2Ba2Cu2.8Zn0.2O6.87,45.0
1005,Sm0.8Pr0.2Ba2Cu3O6.65,21.0
1006,Sm0.8Pr0.2Ba2Cu3O6.7,25.6
1007,Sm0.8Pr0.2Ba2Cu3O6.75,23.4
1008,Sm0.8Pr0.2Ba2Cu3O6.85,26.0
1009,Sm0.8Pr0.2Ba2Cu3O6.95,39.65
1010,Sm0.8Pr0.2Ba2Cu3O7,51.0
1011,Sm0.9Ca0.1Ba2Cu2.8Zn0.2O6.85,42.0
1012,Sm0.9Pr0.1Ba2Cu3O6.55,12.2
1013,Sm0.9Pr0.1Ba2Cu3O6.65,30.6
1014,Sm0.9Pr0.1Ba2Cu3O6.75,36.3
1015,Sm0.9Pr0.1Ba2Cu3O6.85,42.2
1016,Sm0.9Pr0.1Ba2Cu3O6.95,61.6
1017,Sm1.05Ba1.95Cu3O6.87,89.75
1018,Sm1.05Ba1.95Cu3O6.99,88.5
1019,Sm1.15Ba1.85Cu3O6.95,77.3
1020,Sm1.15Ba1.85Cu3O7,83.0
1021,Sm1.1Ba1.9Cu3O7,73.0
1022,Sm1.1Ba1.9Cu3O7.05,78.5
1023,Sm1.27Ba1.73Cu3O7.05,50.05
1024,Sm1.28Ba1.72Cu3O7.03,43.6
1025,Sm1.2Ba1.8Cu3O6.965,47.0
1026,Sm1.2Ba1.8Cu3O7.01,56.5
1027,Sm1.2Ba1.8Cu3O7.09,38.0
1028,Sm1.35Ba1.65Cu3O7,8.5
1029,Sm1.35Ba1.65Cu3O7.07,26.2
1030,Sm1.39Ba1.61Cu3O7.07,31.8
1031,Sm1Ba1.5Sr0.5Cu3O7,70.7
1032,Sm1Ba1.85Pr0.15Cu3O7.02,35.0
1033,Sm1Ba1.8Pr0.2Cu3O7.04,26.5
1034,Sm1Ba1.9Pr0.1Cu3O6.99,56.4
1035,Sm1Ba1Sr1Cu3O6.94,80.0
1036,Sm1Ba2Cu2.7Fe0.3O7,23.0
1037,Sm1Ba2Cu2.7Ni0.3O6.97,24.0
1038,Sm1Ba2Cu2.85Zn0.15O7,31.8
1039,Sm1Ba2Cu2.8Fe0.2O6.96,47.0
1040,Sm1Ba2Cu2.8Ni0.2O7,50.0
1041,Sm1Ba2Cu2.92Fe0.08O7,68.0
1042,Sm1Ba2Cu2.92Zn0.08O6.85,49.0
1043,Sm1Ba2Cu2.92Zn0.08O7,52.1
1044,Sm1Ba2Cu2.94Fe0.06O7,71.0
1045,Sm1Ba2Cu2.94Ni0.06O7,76.0
1046,Sm1Ba2Cu2.94Zn0.06O6.85,59.0
1047,Sm1Ba2Cu2.94Zn0.06O7,65.6
1048,Sm1Ba2Cu2.96Fe0.04O6.81,78.0
1049,Sm1Ba2Cu2.96Zn0.04O6.83,70.0
1050,Sm1Ba2Cu2.96Zn0.04O7,74.5
1051,Sm1Ba2Cu2.98Fe0.02O6.76,84.0
1052,Sm1Ba2Cu2.98Ni0.02O7,83.0
1053,Sm1Ba2Cu2.98Zn0.02O6.82,81.0
1054,Sm1Ba2Cu2.98Zn0.02O7,86.3
1055,Sm1Ba2Cu2.99Zn0.01O7,91.3
1056,Sm1Ba2Cu2.9Fe0.1O6.89,66.0
1057,Sm1Ba2Cu2.9Ni0.1O7,72.0
1058,Sm1Ba2Cu2.9Zn0.1O6.83,29.0
1059,Sm1Ba2Cu2.9Zn0.1O7,43.6
1060,Sm1Ba2Cu3O6.55,12.8
1061,Sm1Ba2Cu3O6.554,44.7
1062,Sm1Ba2Cu3O6.62,34.2
1063,Sm1Ba2Cu3O6.65,32.8
1064,Sm1Ba2Cu3O6.709,59.8
1065,Sm1Ba2Cu3O6.73,44.95
1066,Sm1Ba2Cu3O6.734,67.6
1067,Sm1Ba2Cu3O6.75,38.4
1068,Sm1Ba2Cu3O6.773,87.8
1069,Sm1Ba2Cu3O6.813,83.6
1070,Sm1Ba2Cu3O6.82,74.6
1071,Sm1Ba2Cu3O6.85,79.3
1072,Sm1Ba2Cu3O6.858,90.0
1073,Sm1Ba2Cu3O6.86,91.0
1074,Sm1Ba2Cu3O6.878,91.1
1075,Sm1Ba2Cu3O6.89,90.0
1076,Sm1Ba2Cu3O6.9,87.0
1077,Sm1Ba2Cu3O6.92,90.0
1078,Sm1Ba2Cu3O6.927,88.1
1079,Sm1Ba2Cu3O6.941,90.7
1080,Sm1Ba2Cu3O6.944,94.0
1081,Sm1Ba2Cu3O6.95,88.13333333333333
1082,Sm1Ba2Cu3O6.99,90.7
1083,Sm1Ba2Cu3O7,80.35
1084,Sm1Ba2Cu3O7.01,87.0
1085,Sm1Ba2Cu3O7.11,93.5
1086,Sr0.7Ba1.3Y1Cu2.8Al0.2O7.03,12.0
1087,Sr0.7Ba1.3Y1Cu2.8Al0.2O7.11,20.0
1088,Sr1.2Ba0.8Y1Cu2.8Al0.2O7.19,16.0
1089,Sr1.5Ba0.5Y1Cu2.8Ga0.2O6.96,32.0
1090,Sr1.5Ba0.5Y1Cu2.8Ga0.2O7,38.0
1091,Sr1.5Ba0.5Y1Cu2.8Ga0.2O7.1,50.0
1092,Sr1.5Ba0.5Y1Cu2.8Ga0.2O7.14,56.0
1093,Sr1.5Ba0.5Y1Cu2.8Ga0.2O7.2,61.0
1094,Sr1.5Ba0.5Y1Cu2.8Ge0.2O7,25.0
1095,Sr1.5Ba0.5Y1Cu2.8Mo0.2O7.03,26.0
1096,Sr1.5Ba0.5Y1Cu2.8Ti0.2O7,35.0
1097,Sr1.5Ba0.5Y1Cu2.8Ti0.2O7.08,52.0
1098,Sr1.5Ba0.5Y1Cu2.8Ti0.2O7.2,78.0
1099,Sr1Ba1Y1Cu2.8Al0.2O7.15,20.0
1100,Sr2Ca1Cu2.8O7.5,83.0
1101,Sr2Tm1Cu3O7.2,62.0
1102,Sr2Tm1Cu3O7.28,56.0
1103,Sr2Tm1Cu3O7.48,58.5
1104,Sr2Y0.7Ca0.3Cu2.35Pb0.65O6.89,17.0
1105,Sr2Y1Cu3O7.45,62.0
1106,Tb1Sr2Cu2.69Mo0.31O7,34.5
1107,Tb1Sr2Cu2.7Mo0.3O7,54.9
1108,Tb1Sr2Cu2.7Mo0.3O7.15,37.0
1109,Tl0.3Sr1.6Yb0.4Ca1Cu2.3O7,87.5
1110,Tl0.4Sr1.6Yb0.4Ca1Cu2.4O7,63.5
1111,Tl0.4Sr1.8Yb0.2Ca1Cu2.6O7,72.9
1112,Tl0.5Pb0.5Ca1Sr2Cu2O7,84.5
1113,Tl0.5Pb0.5Sr1.84Nd0.16Ca1Cu2O7,102.0
1114,Tl0.5Pb0.5Sr1.8Yb0.2Ca0.2Mg0.8Cu2O7,75.2
1115,Tl0.5Pb0.5Sr1.8Yb0.2Ca0.4Mg0.6Cu2O7,102.75
1116,Tl0.5Pb0.5Sr1.8Yb0.2Ca0.6Mg0.4Cu2O7,101.1
1117,Tl0.5Pb0.5Sr1.8Yb0.2Ca0.8Mg0.2Cu2O7,96.8
1118,Tl0.5Pb0.5Sr1.8Yb0.2Ca1Cu2O7,98.45
1119,Tl0.5Pb0.5Sr1.8Yb0.2Mg1Cu2O7,64.95
1120,Tl0.5Pb0.5Sr2Ca0.65Y0.35Cu2O7,92.0
1121,Tl0.5Pb0.5Sr2Ca0.8Y0.2Cu2O7,105.2
1122,Tl0.5Pb0.5Sr2Ca0.9Y0.1Cu2O7,99.3
1123,Tl0.5Pb0.5Sr2Ca1Cu2O7,81.8
1124,Tl0.5Sr1.6Yb0.4Ca1Cu2.5O7,64.0
1125,Tl0.5Sr1.8Yb0.2Ca1Cu2.5O7,76.15
1126,Tl0.6Sr1.8Yb0.2Ca1Cu2.4O7,85.05
1127,Tl0.75Pb0.25Ca1Sr2Cu2O7,80.0
1128,Tl0.7Pb0.3Ca1Sr2Cu2O7,31.0
1129,Tl0.7Sr1.8Yb0.2Ca1Cu2.3O7,79.5
1130,Tl0.85Cr0.15Sr2Ca1Cu2O7,100.4
1131,Tl0.8Mo0.2Sr2Ca1Cu2O7,50.0
1132,Tl0.8Sr1.8Yb0.2Ca1Cu2.2O7,78.35
1133,Tl0.9Sr1.6Yb0.4Ca1Cu2.1O7,78.0
1134,Tl0.9Sr1.8Yb0.2Ca1Cu2.1O7,68.55
1135,Tl1.2Sr2Ca0.8Cu2O6.862,60.0
1136,Tl1Ba1Sr1Ca1Cu2O7,48.0
1137,Tl1Ba2Ca0.5Nd0.5Cu2O6.86,40.0
1138,Tl1Ba2Ca0.65Y0.35Cu2O7,102.0
1139,Tl1Ba2Ca0.6Y0.4Cu2O7,95.8
1140,Tl1Ba2Ca0.7Gd0.3Cu2O7,81.25
1141,Tl1Ba2Ca0.7Nd0.3Cu2O7,95.5
1142,Tl1Ba2Ca0.8Gd0.2Cu2O7,93.6
1143,Tl1Ba2Ca0.8Nd0.2Cu2O6.86,100.0
1144,Tl1Ba2Ca0.8Nd0.2Cu2O7,96.3
1145,Tl1Ba2Ca0.8Y0.2Cu2O7,97.6
1146,Tl1Ba2Ca0.9Gd0.1Cu2O7,91.8
1147,Tl1Ba2Ca0.9Nd0.1Cu2O7,90.8
1148,Tl1Ba2Ca0.9Y0.1Cu2O7,86.1
1149,Tl1Ba2Ca1Cu2O7,86.65
1150,Tl1Sr1.3Nd0.7Ca1Cu2O7,81.0
1151,Tl1Sr1.55Ce0.45Ca1Cu2O7,19.4
1152,Tl1Sr1.5Ca0.5Yb1Cu2O7,55.0
1153,Tl1Sr1.5Ce0.5Ca1Cu2O7,5.0
1154,Tl1Sr1.5Dy0.5Ca1Cu2O7,80.0
1155,Tl1Sr1.5Er0.5Ca1Cu2O7,78.0
1156,Tl1Sr1.5Eu0.5Ca1Cu2O7,88.0
1157,Tl1Sr1.5Gd0.5Ca1Cu2O7,79.0
1158,Tl1Sr1.5Ho0.5Ca1Cu2O7,80.0
1159,Tl1Sr1.5La0.5Ca1Cu2O7,90.0
1160,Tl1Sr1.5Lu0.5Ca1Cu2O7,82.0
1161,Tl1Sr1.5Nd0.5Ca1Cu2O7,88.0
1162,Tl1Sr1.5Pr0.5Ca1Cu2O7,88.0
1163,Tl1Sr1.5Sm0.5Ca1Cu2O7,86.0
1164,Tl1Sr1.5Tb0.5Ca1Cu2O7,80.0
1165,Tl1Sr1.5Tm0.5Ca1Cu2O7,84.0
1166,Tl1Sr1.5Yb0.5Ca1Cu2O7,84.0
1167,Tl1Sr1.65Ce0.35Ca1Cu2O7,59.3
1168,Tl1Sr1.6Ce0.4Ca1Cu2O7,38.9
1169,Tl1Sr1.6Yb0.4Ca1Cu2O7,87.0
1170,Tl1Sr1.75Ce0.25Ca1Cu2O7,46.3
1171,Tl1Sr1.7Ca0.3Yb1Cu2O7,55.0
1172,Tl1Sr1.7Ce0.3Ca1Cu2O7,57.1
1173,Tl1Sr1.8Ca0.2Yb1Cu2O7,45.0
1174,Tl1Sr1.8Ce0.2Ca1Cu2O7,35.0
1175,Tl1Sr1.8Yb0.2Ca1Cu2O7,64.75
1176,Tl1Sr2Ca0.1Y0.9Cu2O6.97,87.0
1177,Tl1Sr2Ca0.2Pr0.8Cu2O7,38.0
1178,Tl1Sr2Ca0.2Y0.8Cu2O6.97,93.0
1179,Tl1Sr2Ca0.3Y0.7Cu2O6.97,92.0
1180,Tl1Sr2Ca0.4Gd0.6Cu2O7,60.0
1181,Tl1Sr2Ca0.4Pr0.6Cu2O7,74.0
1182,Tl1Sr2Ca0.4Tb0.6Cu2O7,62.0
1183,Tl1Sr2Ca0.4Y0.6Cu2O6.93,92.0
1184,Tl1Sr2Ca0.4Y0.6Cu2O7,35.0
1185,Tl1Sr2Ca0.5Sm0.5Cu2O6.75,37.6
1186,Tl1Sr2Ca0.5Y0.5Cu2O6.89,92.0
1187,Tl1Sr2Ca0.65Ce0.35Cu2O7,60.0
1188,Tl1Sr2Ca0.6Ce0.4Cu2O7,35.0
1189,Tl1Sr2Ca0.6Gd0.4Cu2O7,65.0
1190,Tl1Sr2Ca0.6Pr0.4Cu2O7,70.0
1191,Tl1Sr2Ca0.6Y0.4Cu2O6.86,87.0
1192,Tl1Sr2Ca0.6Y0.4Cu2O7,68.0
1193,Tl1Sr2Ca0.7Ce0.3Cu2O7,51.5
1194,Tl1Sr2Ca0.7Y0.3Cu2O6.84,87.0
1195,Tl1Sr2Ca0.8Ce0.2Cu2O7,29.4
1196,Tl1Sr2Ca0.8Pr0.2Cu2O7,58.0
1197,Tl1Sr2Ca0.8Y0.2Cu2O6.82,85.0
1198,Tl1Sr2Ca0.8Y0.2Cu2O7,52.75
1199,Tl1Sr2Ca1Cu2O6.52,23.0
1200,Tl1Sr2Ca1Cu2O6.58,43.0
1201,Tl1Sr2Ca1Cu2O6.61,52.0
1202,Tl1Sr2Ca1Cu2O6.68,75.0
1203,Tl1Sr2Ca1Cu2O6.74,43.0
1204,Tl1Sr2Ca1Cu2O6.75,37.0
1205,Tl1Sr2Ca1Cu2O6.76,21.0
1206,Tl1Sr2Ca1Cu2O6.8,68.0
1207,Tl1Sr2Ca1Cu2O6.825,40.0
1208,Tl1Sr2Ca1Cu2O6.837,31.5
1209,Tl1Sr2Ca1Cu2O6.85,24.0
1210,Tl1Sr2Ca1Cu2O6.862,15.2
1211,Tl1Sr2Ca1Cu2O7,59.4
1212,Tl1Sr2Sr0.5Dy0.5Cu2O7,82.0
1213,Tl1Sr2Sr0.5Er0.5Cu2O7,83.5
1214,Tl1Sr2Sr0.5Eu0.5Cu2O7,71.0
1215,Tl1Sr2Sr0.5Gd0.5Cu2O7,83.5
1216,Tl1Sr2Sr0.5Ho0.5Cu2O7,83.5
1217,Tl1Sr2Sr0.5La0.5Cu2O7,90.0
1218,Tl1Sr2Sr0.5Nd0.5Cu2O7,86.0
1219,Tl1Sr2Sr0.5Pr0.5Cu2O7,84.5
1220,Tl1Sr2Sr0.5Sm0.5Cu2O7,75.0
1221,Tl1Sr2Sr0.5Tb0.5Cu2O7,82.5
1222,Tl1Sr2Sr0.5Tm0.5Cu2O7,84.5
1223,Tl1Sr2Sr0.5Y0.5Cu2O7,83.5
1224,Tl1Sr2Sr0.5Yb0.5Cu2O7,81.5
1225,Tm0.5Ca0.5Sr0.7Ba1.3Cu2.6C0.4O7,79.0
1226,Tm0.5Pr0.5Ba2Cu3O6.64,36.0
1227,Tm0.5Pr0.5Ba2Cu3O6.95,28.9
1228,Tm0.6Pr0.4Ba2Cu3O6.95,50.3
1229,Tm0.7Pr0.3Ba2Cu3O6.95,64.1
1230,Tm0.8Pr0.2Ba2Cu3O6.95,77.9
1231,Tm0.8Pr0.2Ba2Cu3O7,81.35
1232,Tm0.9Ca0.1Ba2Cu3O7,86.0
1233,Tm0.9Pr0.1Ba2Cu3O6.95,87.9
1234,Tm1Ba1Sr1Cu3O6.94,70.0
1235,Tm1Ba2Cu2.55Fe0.45O7,55.0
1236,Tm1Ba2Cu2.55Ni0.45O7,80.0
1237,Tm1Ba2Cu2.775Ni0.225O7,82.0
1238,Tm1Ba2Cu2.7Fe0.3O7,77.0
1239,Tm1Ba2Cu2.7Ni0.3O7,80.0
1240,Tm1Ba2Cu2.85Fe0.15O7,86.0
1241,Tm1Ba2Cu2.85Ni0.15O7,84.0
1242,Tm1Ba2Cu2.925Fe0.075O7,89.0
1243,Tm1Ba2Cu2.925Ni0.075O7,86.0
1244,Tm1Ba2Cu3O6.65,92.5
1245,Tm1Ba2Cu3O6.71,78.0
1246,Tm1Ba2Cu3O6.72,64.5
1247,Tm1Ba2Cu3O6.8,79.8
1248,Tm1Ba2Cu3O6.86,87.2
1249,Tm1Ba2Cu3O6.87,83.6
1250,Tm1Ba2Cu3O6.91,90.36
1251,Tm1Ba2Cu3O6.94,89.88
1252,Tm1Ba2Cu3O6.95,89.465
1253,Tm1Ba2Cu3O6.96,89.88
1254,Tm1Ba2Cu3O6.99,89.8
1255,Tm1Ba2Cu3O7,91.2
1256,Y0.14Tm0.85Ba2Cu3O7,91.0
1257,Y0.1La0.9Ba2Cu3O7.05,79.0
1258,Y0.25Cd0.75Ba2Cu3O7,53.2
1259,Y0.25Pr0.75Sr2Cu2.8Re0.2O7,14.0
1260,Y0.2Ca0.4Pr0.4Ba2Cu3O7,36.5
1261,Y0.2Eu0.8Ba2Cu3O7,93.8
1262,Y0.2Gd0.8Ba2Cu3O7,92.0
1263,Y0.2La0.8Ba2Cu3O7,81.0
1264,Y0.2Pr0.3Ca0.5Ba2Cu3O7,105.0
1265,Y0.2Yb0.8Ba2Cu3O6.91,91.4
1266,Y0.35Pr0.65Ba1Sr1Cu3O6.9,20.3
1267,Y0.35Pr0.65Ba1Sr1Cu3O7,17.9
1268,Y0.38Ba1.74La0.88Cu3O6.95,25.0
1269,Y0.3Cd0.7Ba2Cu3O7,87.0
1270,Y0.3La0.7Ba2Cu3O6.98,82.0
1271,Y0.3Pr0.7Ba1Sr1Cu3O6.95,14.0
1272,Y0.3Pr0.7Sr2Cu2.7Mo0.3O7,12.2
1273,Y0.3Pr0.7Sr2Cu2.85Re0.15O7,15.8
1274,Y0.4375La0.2625Pr0.3Ba2Cu3O7,28.9
1275,Y0.44Pr0.56Ba2Cu3O6.93,2.1
1276,Y0.44Pr0.56Ba2Cu3O7,11.0
1277,Y0.45Pr0.55Ba2Cu3O6.953,14.4
1278,Y0.45Pr0.55Ba2Cu3O6.98,10.1
1279,Y0.47Pr0.53Ba2Cu3O6.96,13.5
1280,Y0.47Pr0.53Ba2Cu3O7,8.0
1281,Y0.4Ca0.3Pr0.3Ba2Cu3O7.02,53.6
1282,Y0.4Ca0.6Ba1.1La0.9Cu3O7.12,82.0
1283,Y0.4Ca0.6Ba1.2La0.8Cu3O7.07,82.0
1284,Y0.4Cd0.6Ba2Cu3O7,91.7
1285,Y0.4Gd0.6Ba2Cu3O7,92.0
1286,Y0.4La0.6Ba2Cu3O6.99,85.0
1287,Y0.4Pr0.6Ba0.75Sr1.25Cu3O6.92,23.0
1288,Y0.4Pr0.6Ba1.25Sr0.75Cu3O6.92,17.0
1289,Y0.4Pr0.6Ba1.2Sr0.8Cu3O7,15.5
1290,Y0.4Pr0.6Ba1.5Ca0.5Cu3O7,26.7
1291,Y0.4Pr0.6Ba1.6Ca0.4Cu3O7,30.3
1292,Y0.4Pr0.6Ba1.7Ca0.3Cu3O7,29.0
1293,Y0.4Pr0.6Ba1.8Ca0.2Cu3O7,23.9
1294,Y0.4Pr0.6Ba1Sr1Cu3O6.92,18.0
1295,Y0.4Pr0.6Ba1Sr1Cu3O7,22.2
1296,Y0.4Pr0.6Ba2Cu3O6.95,9.0
1297,Y0.4Pr0.6Sr2Cu2.7Mo0.3O7,17.3
1298,Y0.4Pr0.6Sr2Cu2.85Re0.15O6.8,20.2
1299,Y0.4Yb0.6Ba2Cu3O6.93,91.1
1300,Y0.52Eu0.58Ba1.9Cu2.69Al0.42O7,42.4
1301,Y0.54Pr0.46Ba2Cu3O7,38.0
1302,Y0.55Pr0.45Ba2Cu3O6.65,30.7
1303,Y0.55Pr0.45Ba2Cu3O6.8,23.5
1304,Y0.55Pr0.45Ba2Cu3O6.98,33.6
1305,Y0.55Pr0.45Ba2Cu3O7,36.5
1306,Y0.55Pr0.45Ba2Cu3O7.01,29.2
1307,Y0.5625La0.3375Pr0.1Ba2Cu3O7,51.85
1308,Y0.56Pr0.44Ba2Cu3O7,36.0
1309,Y0.57Pr0.43Ba2Cu3O7,22.0
1310,Y0.58Pr0.42Ba2Cu3O7,40.0
1311,Y0.5Ca0.5Ba1.1La0.9Cu3O7.15,70.0
1312,Y0.5Ca0.5Ba1.2La0.8Cu3O7.12,82.0
1313,Y0.5Ca0.5Ba1.5La0.5Cu3O6.94,82.0
1314,Y0.5Ca0.5Ba1.5La0.5Cu3O6.96,82.5
1315,Y0.5Ca0.5Sr0.7Ba1.3Cu2.6C0.4O7,79.0
1316,Y0.5Cd0.5Ba2Cu3O7,93.2
1317,Y0.5La0.3Pr0.2Ba2Cu3O7,32.9
1318,Y0.5La0.5Ba2Cu3O7.01,86.0
1319,Y0.5Pr0.2Ca0.3Ba2Cu3O7,74.0
1320,Y0.5Pr0.2Cd0.1Ca0.2Ba2Cu3O7,68.0
1321,Y0.5Pr0.2Cd0.2Ca0.1Ba2Cu3O7,54.0
1322,Y0.5Pr0.2Cd0.3Ba2Cu3O7,42.0
1323,Y0.5Pr0.5Ba1Sr1Cu3O6.9,36.0
1324,Y0.5Pr0.5Ba1Sr1Cu3O7,32.1
1325,Y0.5Pr0.5Ba2Cu3O6.53,5.2
1326,Y0.5Pr0.5Ba2Cu3O6.61,4.6
1327,Y0.5Pr0.5Ba2Cu3O6.65,18.7
1328,Y0.5Pr0.5Ba2Cu3O6.66,3.5
1329,Y0.5Pr0.5Ba2Cu3O6.68,27.1
1330,Y0.5Pr0.5Ba2Cu3O6.71,4.0
1331,Y0.5Pr0.5Ba2Cu3O6.76,4.0
1332,Y0.5Pr0.5Ba2Cu3O6.85,4.0
1333,Y0.5Pr0.5Ba2Cu3O6.95,20.45
1334,Y0.5Pr0.5Ba2Cu3O6.96,12.0
1335,Y0.5Pr0.5Ba2Cu3O6.965,10.0
1336,Y0.5Pr0.5Ba2Cu3O6.98,21.9
1337,Y0.5Pr0.5Ba2Cu3O7,28.197499999999998
1338,Y0.5Pr0.5Sr2Cu2.7Mo0.3O7,22.2
1339,Y0.5Pr0.5Sr2Cu2.85Re0.15O7,26.2
1340,Y0.5Sc0.5Ba2Cu3O7,83.0
1341,Y0.5Sm0.5Ba2Cu3O7,92.0
1342,Y0.625La0.375Ba2Cu3O7,67.6
1343,Y0.64Ca0.36Ba2Cu2.64Co0.36O6.87,82.0
1344,Y0.65Ca0.15Pr0.2Ba2Cu3O6.95,77.1
1345,Y0.65Ca0.35Sr2Cu2Ga1O6.99,27.0
1346,Y0.65Ca0.35Sr2Cu2Ga1O7,27.0
1347,Y0.65Pr0.2Ca0.15Ba2Cu3O7,39.3
1348,Y0.65Pr0.35Ba2Cu3O6.6,21.5
1349,Y0.65Pr0.35Ba2Cu3O6.75,6.3
1350,Y0.65Pr0.35Ba2Cu3O6.85,16.3
1351,Y0.65Pr0.35Ba2Cu3O6.95,33.0
1352,Y0.65Pr0.35Ba2Cu3O7.01,44.5
1353,Y0.68Eu0.39Ba1.93Cu2.73Al0.32O7,47.5
1354,Y0.68Tb0.32Ba2Cu3O7,91.0
1355,Y0.6Ca0.2Pr0.2Ba2Cu3O6.95,72.9
1356,Y0.6Ca0.2Pr0.2Ba2Cu3O7,67.1
1357,Y0.6Ca0.4Ba1.1La0.9Cu3O7.18,47.0
1358,Y0.6Ca0.4Ba1.2La0.8Cu3O7.15,67.0
1359,Y0.6Ca0.4Ba1.3La0.7Cu3O7.12,82.0
1360,Y0.6Ca0.4Ba1.4La0.6Cu3O7.07,83.0
1361,Y0.6Ca0.4Ba1.5La0.5Cu3O7.01,82.4
1362,Y0.6Ca0.4Ba1.6La0.4Cu3O6.95,82.0
1363,Y0.6Ca0.4Ba1.6La0.4Cu3O6.96,78.0
1364,Y0.6Ca0.4Sr1.6Ba0.4Cu2Ga1O7,56.0
1365,Y0.6Ca0.4Sr1.7Ba0.3Cu2Ga1O7,50.0
1366,Y0.6Ca0.4Sr1.8Ba0.2Cu2Ga1O7,56.5
1367,Y0.6Ca0.4Sr2Cu2Ga1O7,41.0
1368,Y0.6Cd0.4Ba2Cu3O7,91.7
1369,Y0.6Eu0.4Ba2Cu3O7,92.6
1370,Y0.6Gd0.4Ba2Cu3O7,92.0
1371,Y0.6La0.4Ba2Cu3O6.92,85.0
1372,Y0.6Pr0.2Ca0.2Ba2Cu3O7,50.55
1373,Y0.6Pr0.2Cd0.2Ba2Cu3O7,49.0
1374,Y0.6Pr0.4Ba0.2Sr1.8Cu3O7,44.0
1375,Y0.6Pr0.4Ba0.4Sr1.6Cu3O7,50.0
1376,Y0.6Pr0.4Ba0.6Sr1.4Cu3O6.89,49.0
1377,Y0.6Pr0.4Ba0.8Sr1.2Cu3O6.89,49.0
1378,Y0.6Pr0.4Ba1.2Sr0.8Cu3O6.89,52.0
1379,Y0.6Pr0.4Ba1.4Sr0.6Cu3O6.83,45.0
1380,Y0.6Pr0.4Ba1.6Sr0.4Cu3O6.87,44.0
1381,Y0.6Pr0.4Ba1.8Sr0.2Cu3O6.85,47.0
1382,Y0.6Pr0.4Ba1Sr1Cu3O6.89,53.0
1383,Y0.6Pr0.4Ba1Sr1Cu3O6.9,60.5
1384,Y0.6Pr0.4Ba1Sr1Cu3O7,52.4
1385,Y0.6Pr0.4Ba2Cu3O6.5,14.9
1386,Y0.6Pr0.4Ba2Cu3O6.53,15.0
1387,Y0.6Pr0.4Ba2Cu3O6.61,26.0
1388,Y0.6Pr0.4Ba2Cu3O6.65,38.0
1389,Y0.6Pr0.4Ba2Cu3O6.66,25.4
1390,Y0.6Pr0.4Ba2Cu3O6.76,34.0
1391,Y0.6Pr0.4Ba2Cu3O6.8,33.9
1392,Y0.6Pr0.4Ba2Cu3O6.85,27.8
1393,Y0.6Pr0.4Ba2Cu3O6.88,47.0
1394,Y0.6Pr0.4Ba2Cu3O6.9,32.0
1395,Y0.6Pr0.4Ba2Cu3O6.929,45.05
1396,Y0.6Pr0.4Ba2Cu3O6.95,34.23333333333333
1397,Y0.6Pr0.4Ba2Cu3O6.96,32.0
1398,Y0.6Pr0.4Ba2Cu3O6.965,35.0
1399,Y0.6Pr0.4Ba2Cu3O6.97,40.0
1400,Y0.6Pr0.4Ba2Cu3O6.98,44.099999999999994
1401,Y0.6Pr0.4Ba2Cu3O7,45.272000000000006
1402,Y0.6Pr0.4Sr2Cu2.7Mo0.3O7,25.9
1403,Y0.6Sm0.4Ba2Cu3O7,78.0
1404,Y0.72Pr0.28Ba2Cu3O7,60.0
1405,Y0.74Ca0.16Sr0.6Ba1.5Cu2.78S0.22O7,77.9
1406,Y0.74Ca0.16Sr1.1Ba1Cu2.78S0.22O7,75.1
1407,Y0.74Ca0.16Sr1.6Ba0.5Cu2.78S0.22O7,54.9
1408,Y0.74Ca0.16Sr2.1Cu2.78S0.22O7,29.95
1409,Y0.74Eu0.35Ba1.91Cu2.81Al0.3O7,59.9
1410,Y0.75Ca0.05Pr0.2Ba2Cu3O6.95,76.4
1411,Y0.75Ca0.1Pr0.15Ba2Cu3O6.95,79.6
1412,Y0.75Ca0.25Ba2Cu2.75Al0.25O6.86,88.2
1413,Y0.75Ca0.25Ba2Cu2.75Co0.25O6.8,61.0
1414,Y0.75Ca0.25Ba2Cu2.75Co0.25O6.82,67.5
1415,Y0.75Ca0.25Ba2Cu2.75Co0.25O6.98,82.4
1416,Y0.75Ca0.25Ba2Cu2.75Co0.25O7,82.5
1417,Y0.75Ca0.25Ba2Cu2.75Ni0.25O6.77,62.0
1418,Y0.75Ca0.25Ba2Cu2.75Zn0.25O6.76,42.0
1419,Y0.75Pr0.25Ba2Cu3O7,72.0
1420,Y0.75Pr0.2Ca0.05Ba2Cu3O7,73.6
1421,Y0.75Sc0.25Ba2Cu3O7,87.0
1422,Y0.76Ca0.24Ba2Cu2.55Co0.45O6.93,51.0
1423,Y0.76Ca0.24Ba2Cu2.64Co0.36O6.96,66.0
1424,Y0.76Ca0.24Ba2Cu2.76Co0.24O6.84,85.0
1425,Y0.76Ca0.24Ba2Cu2.85Co0.15O6.8,86.0
1426,Y0.76Ca0.24Ba2Cu2.94Co0.06O6.81,82.0
1427,Y0.76Ca0.34Ba2Cu2.55Co0.45O6.95,51.0
1428,Y0.77Ca0.08Pr0.15Ba2Cu3O6.95,81.7
1429,Y0.78Pr0.22Ba2Cu3O7,70.0
1430,Y0.7Ca0.15Pr0.15Ba2Cu3O6.95,77.6
1431,Y0.7Ca0.1Pr0.2Ba2Cu3O6.95,77.1
1432,Y0.7Ca0.3Ba1.3La0.7Cu3O7.16,73.0
1433,Y0.7Ca0.3Ba1.4La0.6Cu3O7.12,82.0
1434,Y0.7Ca0.3Ba1.7La0.3Cu3O6.92,82.0
1435,Y0.7Ca0.3Ba1.7La0.3Cu3O6.96,78.0
1436,Y0.7Ca0.3Ba2Cu2.55Co0.45O6.84,53.0
1437,Y0.7Ca0.3Ba2Cu2.7Co0.3O6.78,59.0
1438,Y0.7Ca0.3Ba2Cu2.7Co0.3O6.84,70.0
1439,Y0.7Ca0.3Ba2Cu2.7Co0.3O6.93,84.0
1440,Y0.7Ca0.3Ba2Cu2.7Co0.3O7.02,82.0
1441,Y0.7Ca0.3Ba2Cu2.7Ni0.3O7,65.0
1442,Y0.7Ca0.3Ba2Cu3O6.78,78.0
1443,Y0.7Ca0.3Ba2Cu3O6.87,88.7
1444,Y0.7Ca0.3Sr1.5Ba0.5Cu2.8Cr0.2O7,41.0
1445,Y0.7Ca0.3Sr2Cu2.5Se0.5O7,45.0
1446,Y0.7Cd0.3Ba2Cu3O7,92.8
1447,Y0.7La0.3Ba2Cu3O6.92,83.0
1448,Y0.7Pr0.15Ca0.15Ba2Cu3O7,75.8
1449,Y0.7Pr0.2Ca0.1Ba2Cu3O7,67.9
1450,Y0.7Pr0.2Cd0.1Ba2Cu3O7,59.0
1451,Y0.7Pr0.3Ba2Cu3O6.5,27.2
1452,Y0.7Pr0.3Ba2Cu3O6.6,28.5
1453,Y0.7Pr0.3Ba2Cu3O6.65,46.0
1454,Y0.7Pr0.3Ba2Cu3O6.75,25.2
1455,Y0.7Pr0.3Ba2Cu3O6.85,27.4
1456,Y0.7Pr0.3Ba2Cu3O6.88,47.5
1457,Y0.7Pr0.3Ba2Cu3O6.942,60.6
1458,Y0.7Pr0.3Ba2Cu3O6.95,50.9
1459,Y0.7Pr0.3Ba2Cu3O6.96,57.0
1460,Y0.7Pr0.3Ba2Cu3O6.965,55.0
1461,Y0.7Pr0.3Ba2Cu3O6.97,59.3
1462,Y0.7Pr0.3Ba2Cu3O6.98,57.4
1463,Y0.7Pr0.3Ba2Cu3O7,59.41166666666667
1464,Y0.7Pr0.3Sr2Cu2.7Mo0.3O7,29.7
1465,Y0.7Zn0.3Ba2Cu3O7,23.5
1466,Y0.82Pr0.1Ca0.08Ba2Cu3O7,83.4
1467,Y0.83Ca0.02Pr0.15Ba2Cu3O6.95,83.0
1468,Y0.84Pr0.1Ca0.06Ba2Cu3O7,84.6
1469,Y0.84Sr1.16Ba1Cu2.78S0.22O7,78.1
1470,Y0.84Sr2.16Cu2.78S0.22O7,45.0
1471,Y0.85Ca0.05Pr0.1Ba2Cu3O6.95,84.6
1472,Y0.85Ca0.15Ba2Cu2.55Co0.45O7.08,30.0
1473,Y0.85Ca0.15Ba2Cu2.75Co0.25O7.01,80.6
1474,Y0.85Ca0.15Ba2Cu2.85Al0.15O6.87,90.5
1475,Y0.85Ca0.15Ba2Cu2.85Co0.15O6.78,57.5
1476,Y0.85Ca0.15Ba2Cu2.85Co0.15O6.83,76.75
1477,Y0.85Ca0.15Ba2Cu2.85Co0.15O6.97,86.0
1478,Y0.85Ca0.15Ba2Cu2.85Ni0.15O6.85,67.0
1479,Y0.85Ca0.15Ba2Cu2.85Zn0.15O6.85,43.0
1480,Y0.85Ca0.15Ba2Cu2.8Zn0.2O6.74,34.6
1481,Y0.85Ca0.15Ba2Cu3O6.58,80.6
1482,Y0.85Ca0.15Ba2Cu3O6.65,83.0
1483,Y0.85Ca0.15Ba2Cu3O6.71,78.0
1484,Y0.85Ca0.15Ba2Cu3O6.9,79.0
1485,Y0.85Ca0.15Sr0.5Ba1.5Cu2.5B0.5O7,55.6
1486,Y0.85Ca0.15Sr1.5Ba0.5Cu2.5B0.5O7,35.5
1487,Y0.85Ca0.15Sr1Ba1Cu2.5B0.5O7,43.6
1488,Y0.85Cs0.15Ba2Cu3O6.5,90.4
1489,Y0.85Pr0.15Ba2Cu3O6.5,35.8
1490,Y0.85Pr0.15Ba2Cu3O6.65,52.9
1491,Y0.85Pr0.15Ba2Cu3O6.8,59.0
1492,Y0.85Pr0.15Ba2Cu3O6.84,75.0
1493,Y0.85Pr0.15Ba2Cu3O6.95,81.6
1494,Y0.85Pr0.15Ba2Cu3O6.97,81.8
1495,Y0.85Pr0.15Ba2Cu3O6.98,79.2
1496,Y0.85Pr0.15Ba2Cu3O7,82.25
1497,Y0.868Ca0.132Ba2Cu3O6.928,75.0
1498,Y0.86Pr0.1Ca0.04Ba2Cu3O7,85.5
1499,Y0.87Pr0.13Ba2Cu3O7,81.675
1500,Y0.88Ca0.12Ba2Cu2.88Co0.12O6.78,87.0
1501,Y0.88Ca0.12Sr2Cu2.5Fe0.5O6.89,19.0
1502,Y0.88Eu0.17Ba1.95Cu2.82Al0.32O7,67.5
1503,Y0.88Pr0.1Ca0.02Ba2Cu3O7,87.0
1504,Y0.88Tb0.12Ba2Cu3O7,92.1
1505,Y0.899Ca0.101Ba2Cu3O6.943,83.0
1506,Y0.89Pr0.05Ca0.06Ba2Cu3O7,85.9
1507,Y0.8Ca0.05Pr0.15Ba2Cu3O6.95,82.7
1508,Y0.8Ca0.1Pr0.1Ba2Cu3O6.95,81.4
1509,Y0.8Ca0.1Pr0.1Ba2Cu3O7.01,78.4
1510,Y0.8Ca0.2Ba1.4La0.6Cu3O7.15,66.0
1511,Y0.8Ca0.2Ba1.5La0.5Cu3O7.11,80.0
1512,Y0.8Ca0.2Ba1.5La0.5Cu3O7.13,73.0
1513,Y0.8Ca0.2Ba1.8La0.2Cu3O6.94,84.0
1514,Y0.8Ca0.2Ba1.8La0.2Cu3O6.96,78.0
1515,Y0.8Ca0.2Ba2Cu2.75Co0.25O7.01,82.2
1516,Y0.8Ca0.2Ba2Cu2.82Zn0.18O7,27.6
1517,Y0.8Ca0.2Ba2Cu2.85Co0.15O6.84,86.0
1518,Y0.8Ca0.2Ba2Cu2.8Al0.2O6.88,89.1
1519,Y0.8Ca0.2Ba2Cu2.8Co0.2O6.78,55.5
1520,Y0.8Ca0.2Ba2Cu2.8Co0.2O6.83,69.0
1521,Y0.8Ca0.2Ba2Cu2.8Co0.2O6.98,82.5
1522,Y0.8Ca0.2Ba2Cu2.8Ni0.2O6.77,64.0
1523,Y0.8Ca0.2Ba2Cu2.8Zn0.2O6.73,43.0
1524,Y0.8Ca0.2Ba2Cu2.8Zn0.2O6.74,44.0
1525,Y0.8Ca0.2Ba2Cu2.91Zn0.09O7,51.4
1526,Y0.8Ca0.2Ba2Cu2.955Zn0.045O7,64.2
1527,Y0.8Ca0.2Ba2Cu3O6.5,73.35
1528,Y0.8Ca0.2Ba2Cu3O6.51,62.6
1529,Y0.8Ca0.2Ba2Cu3O6.53,80.9
1530,Y0.8Ca0.2Ba2Cu3O6.59,67.3
1531,Y0.8Ca0.2Ba2Cu3O6.6,72.1
1532,Y0.8Ca0.2Ba2Cu3O6.64,81.0
1533,Y0.8Ca0.2Ba2Cu3O6.7,76.7
1534,Y0.8Ca0.2Ba2Cu3O6.78,84.2
1535,Y0.8Ca0.2Ba2Cu3O6.8,84.1
1536,Y0.8Ca0.2Ba2Cu3O6.84,82.0
1537,Y0.8Ca0.2Ba2Cu3O6.86,79.0
1538,Y0.8Ca0.2Ba2Cu3O6.89,78.2
1539,Y0.8Ca0.2Ba2Cu3O6.9,78.4
1540,Y0.8Ca0.2Ba2Cu3O7,76.36666666666666
1541,Y0.8Ca0.2Sr1.5Ba0.5Cu2.8Cr0.2O7,28.0
1542,Y0.8Ca0.2Sr1.6Ba0.4Cu2.7Ga0.3O7,53.9
1543,Y0.8Ca0.2Sr1Ba1Cu2.7Ga0.3O7,64.0
1544,Y0.8Ca0.2Sr1Ba1Cu2.8B0.2O7,45.0
1545,Y0.8Ca0.2Sr1Ba1Cu2.9B0.1O7.3,35.0
1546,Y0.8Cd0.2Ba2Cu3O7,92.8
1547,Y0.8Gd0.2Ba2Cu3O7,92.0
1548,Y0.8La0.2Ba2Cu3O6.9,84.0
1549,Y0.8Pr0.05Ca0.15Ba2Cu3O6.83,87.0
1550,Y0.8Pr0.15Ca0.05Ba2Cu3O6.82,80.0
1551,Y0.8Pr0.1Ca0.1Ba2Cu3O7,83.0
1552,Y0.8Pr0.2Ba1Sr1Cu3O6.9,79.4
1553,Y0.8Pr0.2Ba1Sr1Cu3O7,69.1
1554,Y0.8Pr0.2Ba2Cu2.7Fe0.3O7.1,25.0
1555,Y0.8Pr0.2Ba2Cu3O6.5,22.5
1556,Y0.8Pr0.2Ba2Cu3O6.6,37.0
1557,Y0.8Pr0.2Ba2Cu3O6.65,51.7
1558,Y0.8Pr0.2Ba2Cu3O6.75,41.5
1559,Y0.8Pr0.2Ba2Cu3O6.8,56.1
1560,Y0.8Pr0.2Ba2Cu3O6.81,68.0
1561,Y0.8Pr0.2Ba2Cu3O6.82,71.6
1562,Y0.8Pr0.2Ba2Cu3O6.85,45.2
1563,Y0.8Pr0.2Ba2Cu3O6.91,62.7
1564,Y0.8Pr0.2Ba2Cu3O6.95,68.8
1565,Y0.8Pr0.2Ba2Cu3O6.96,72.35
1566,Y0.8Pr0.2Ba2Cu3O6.965,70.0
1567,Y0.8Pr0.2Ba2Cu3O6.98,72.6
1568,Y0.8Pr0.2Ba2Cu3O7,72.26294117647059
1569,Y0.8Pr0.2Ba2Cu3O7.1,57.6
1570,Y0.8Pr0.2Ba2Cu3O7.2,63.3
1571,Y0.8Pr0.2Ba2Cu3O7.3,62.6
1572,Y0.8Pr0.2Ba2Cu3O7.4,59.8
1573,Y0.8Pr0.2Ba2Cu3O7.5,62.9
1574,Y0.8Pr0.2Sr2Cu2.7Mo0.3O7,31.6
1575,Y0.8Pr0.2Sr2Cu2.85Re0.15O7,39.1
1576,Y0.8Sm0.2Ba2Cu3O7,80.0
1577,Y0.8Zn0.2Ba2Cu3O7,43.0
1578,Y0.91Pr0.05Ca0.04Ba2Cu3O7,87.3
1579,Y0.925Ca0.075Ba2Cu3O6.68,75.1
1580,Y0.925Ca0.075Ba2Cu3O6.93,86.3
1581,Y0.92Ca0.08Ba2Cu3O7,87.0
1582,Y0.92Ca0.08Sr2Cu2.5Fe0.5O6.92,8.0
1583,Y0.92Pr0.08Ba2Cu3O7,90.5
1584,Y0.92Tb0.08Ba2Cu3O7,92.01
1585,Y0.93Pr0.05Ca0.02Ba2Cu3O7,89.4
1586,Y0.94Ca0.06Ba2Cu3O6.97,83.4
1587,Y0.94Pr0.06Ba2Cu3O7,91.5
1588,Y0.95Ca0.05Ba2Cu2.75Co0.25O7.06,75.1
1589,Y0.95Ca0.05Ba2Cu2.85Co0.15O6.82,83.0
1590,Y0.95Ca0.05Ba2Cu2.8Zn0.2O6.74,3.5
1591,Y0.95Ca0.05Ba2Cu2.95Al0.05O6.88,92.0
1592,Y0.95Ca0.05Ba2Cu2.95Co0.05O6.75,64.0
1593,Y0.95Ca0.05Ba2Cu2.95Co0.05O6.84,72.5
1594,Y0.95Ca0.05Ba2Cu2.95Co0.05O6.96,88.0
1595,Y0.95Ca0.05Ba2Cu2.95Ni0.05O6.83,82.0
1596,Y0.95Ca0.05Ba2Cu2.95Zn0.05O6.89,65.0
1597,Y0.95Ca0.05Ba2Cu3O6.7,71.0
1598,Y0.95Ca0.05Ba2Cu3O6.79,88.0
1599,Y0.95Ca0.05Ba2Cu3O6.94,88.2
1600,Y0.95Ca0.05Ba2Cu3O7,88.55
1601,Y0.95Cs0.05Ba2Cu3O6.61,92.45
1602,Y0.95K0.05Ba2Cu3O6.6,89.4
1603,Y0.95La0.05Ba2Cu3O6.58,93.65
1604,Y0.95Pr0.05Ba2Cu3O6.85,85.5
1605,Y0.95Pr0.05Ba2Cu3O6.95,91.5
1606,Y0.95Pr0.05Ba2Cu3O6.96,89.5
1607,Y0.95Pr0.05Ba2Cu3O6.965,88.0
1608,Y0.95Pr0.05Ba2Cu3O6.97,91.5
1609,Y0.95Pr0.05Ba2Cu3O7,91.8
1610,Y0.95Rb0.05Ba2Cu3O6.59,92.05
1611,Y0.95Sc0.05Ba2Cu3O6.63,91.7
1612,Y0.96Pr0.04Ba2Cu3O7,92.0
1613,Y0.96Tb0.04Ba2Cu3O7,92.01
1614,Y0.975Ca0.025Ba2Cu2.975Al0.025O6.89,94.5
1615,Y0.975Ca0.025Ba2Cu3O6.72,70.8
1616,Y0.975Ca0.025Ba2Cu3O6.95,91.5
1617,Y0.97Ca0.03Ba2Cu3O6.97,86.7
1618,Y0.984Ca0.016Ba2Cu3O6.986,89.5
1619,Y0.985Ca0.015Ba2Cu3O6.98,89.9
1620,Y0.98Ca0.02Ba2Cu3O7,88.45
1621,Y0.98Pr0.02Ba2Cu3O7,92.2
1622,Y0.99La0.01Ba2Cu3O7.07,91.0
1623,Y0.9Ba2.1Cu3O7,92.0
1624,Y0.9Ca0.1Ba1.5La0.5Cu3O7.13,60.0
1625,Y0.9Ca0.1Ba1.5La0.5Cu3O7.19,57.9
1626,Y0.9Ca0.1Ba1.6La0.4Cu3O7.09,72.0
1627,Y0.9Ca0.1Ba1.7La0.3Cu3O7.04,82.0
1628,Y0.9Ca0.1Ba1.8La0.2Cu3O6.97,87.0
1629,Y0.9Ca0.1Ba1.9La0.1Cu3O6.95,86.0
1630,Y0.9Ca0.1Ba1.9La0.1Cu3O6.96,82.0
1631,Y0.9Ca0.1Ba2Cu2.55Co0.45O7.02,18.0
1632,Y0.9Ca0.1Ba2Cu2.75Co0.25O7.03,76.9
1633,Y0.9Ca0.1Ba2Cu2.85Co0.15O6.91,84.0
1634,Y0.9Ca0.1Ba2Cu2.8Zn0.2O6.74,15.8
1635,Y0.9Ca0.1Ba2Cu2.9Al0.1O6.88,91.1
1636,Y0.9Ca0.1Ba2Cu2.9Co0.1O6.76,57.5
1637,Y0.9Ca0.1Ba2Cu2.9Co0.1O6.84,69.5
1638,Y0.9Ca0.1Ba2Cu2.9Co0.1O6.95,88.0
1639,Y0.9Ca0.1Ba2Cu2.9Ni0.1O6.86,74.0
1640,Y0.9Ca0.1Ba2Cu2.9Zn0.1O6.81,50.0
1641,Y0.9Ca0.1Ba2Cu3O6.5,66.9
1642,Y0.9Ca0.1Ba2Cu3O6.59,68.8
1643,Y0.9Ca0.1Ba2Cu3O6.6,65.3
1644,Y0.9Ca0.1Ba2Cu3O6.66,80.0
1645,Y0.9Ca0.1Ba2Cu3O6.67,82.0
1646,Y0.9Ca0.1Ba2Cu3O6.7,73.0
1647,Y0.9Ca0.1Ba2Cu3O6.72,82.6
1648,Y0.9Ca0.1Ba2Cu3O6.8,84.1
1649,Y0.9Ca0.1Ba2Cu3O6.87,85.4
1650,Y0.9Ca0.1Ba2Cu3O6.9,88.6
1651,Y0.9Ca0.1Ba2Cu3O6.91,81.1
1652,Y0.9Ca0.1Ba2Cu3O6.93,83.3
1653,Y0.9Ca0.1Ba2Cu3O6.96,81.5
1654,Y0.9Ca0.1Ba2Cu3O6.98,81.8
1655,Y0.9Ca0.1Ba2Cu3O7,81.8
1656,Y0.9Ca0.1Sr2Cu2.5Fe0.5O6.9,20.0
1657,Y0.9Cd0.1Ba2Cu3O7,89.9
1658,Y0.9Er0.1Ba1.9Sr0.1Cu3O7,88.0
1659,Y0.9Eu0.13Ba1.97Cu2.87Al0.29O7,72.6
1660,Y0.9Eu0.1Ba2Cu3O7,92.0
1661,Y0.9Ho0.1Ba2Cu3O7,60.0
1662,Y0.9K0.1Ba2Cu3O6.51,92.05
1663,Y0.9La0.1Ba2Cu3O6.62,92.35
1664,Y0.9La0.1Ba2Cu3O6.97,91.0
1665,Y0.9Pr0.05Ca0.05Ba2Cu3O7,86.2
1666,Y0.9Pr0.1Ba2Cu3O6.5,29.900000000000002
1667,Y0.9Pr0.1Ba2Cu3O6.6,44.1
1668,Y0.9Pr0.1Ba2Cu3O6.65,56.1
1669,Y0.9Pr0.1Ba2Cu3O6.75,52.2
1670,Y0.9Pr0.1Ba2Cu3O6.8,65.6
1671,Y0.9Pr0.1Ba2Cu3O6.82,82.0
1672,Y0.9Pr0.1Ba2Cu3O6.85,75.25
1673,Y0.9Pr0.1Ba2Cu3O6.91,81.0
1674,Y0.9Pr0.1Ba2Cu3O6.95,84.2
1675,Y0.9Pr0.1Ba2Cu3O6.96,83.0
1676,Y0.9Pr0.1Ba2Cu3O6.965,85.0
1677,Y0.9Pr0.1Ba2Cu3O6.97,88.1
1678,Y0.9Pr0.1Ba2Cu3O6.98,85.9
1679,Y0.9Pr0.1Ba2Cu3O7,86.7
1680,Y0.9Pr0.1Sr2Cu2.7Mo0.3O7,33.1
1681,Y0.9Sc0.1Ba2Cu3O6.56,91.4
1682,Y0.9Tb0.1Ba2Cu3O7,91.0
1683,Y0.9Zn0.1Ba2Cu3O7,54.9
1684,Y1.01Ba2.01Cu2.906Ni0.094O6.7,71.0
1685,Y1.01Ba2.03Cu2.808Li0.192O6.6,33.0
1686,Y1.04Ba1.96Cu3O6.8,90.6
1687,Y1.1Ba1.9Cu3O6.65,91.25
1688,Y1.1Ba1.9Cu3O7,91.5
1689,Y1.1Ba2Cu3O6.87,95.9
1690,Y1.2Ba1.8Cu3O6.68,92.3
1691,Y1.2Ba2Cu3O6.98,93.4
1692,Y1Ba0.5Sr1.5Cu3O6.98,78.0
1693,Y1Ba0.74Sr1.26Cu3O6.98,80.5
1694,Y1Ba0.75Sr1.25Cu3O6.91,80.0
1695,Y1Ba0.75Sr1.25Cu3O6.94,74.0
1696,Y1Ba0.8Sr1.2Cu3O6.8,82.0
1697,Y1Ba0.8Sr1.2Cu3O7,78.0
1698,Y1Ba1.25Sr0.75Cu3O6.928,85.5
1699,Y1Ba1.2Sr0.8Cu3O6.8,86.0
1700,Y1Ba1.2Sr0.8Cu3O7,80.0
1701,Y1Ba1.3Sr0.7Cu3O6.98,84.5
1702,Y1Ba1.48Sr0.52Cu3O7,90.0
1703,Y1Ba1.4Sr0.6Cu3O6.8,86.0
1704,Y1Ba1.54La0.46Cu3O7.118,44.1
1705,Y1Ba1.5Ca0.5Cu3O7,82.0
1706,Y1Ba1.5La0.5Cu3O7,0.3
1707,Y1Ba1.5La0.5Cu3O7.06,22.0
1708,Y1Ba1.5La0.5Cu3O7.08,38.0
1709,Y1Ba1.5La0.5Cu3O7.1,30.0
1710,Y1Ba1.5La0.5Cu3O7.17,55.55
1711,Y1Ba1.5La0.5Cu3O7.19,38.3
1712,Y1Ba1.5La0.5Cu3O7.22,36.6
1713,Y1Ba1.5Sr0.5Cu3O6.75,49.9
1714,Y1Ba1.5Sr0.5Cu3O6.85,72.9
1715,Y1Ba1.5Sr0.5Cu3O6.9,86.3
1716,Y1Ba1.5Sr0.5Cu3O6.91,86.3
1717,Y1Ba1.5Sr0.5Cu3O6.938,87.6
1718,Y1Ba1.5Sr0.5Cu3O6.95,85.9
1719,Y1Ba1.5Sr0.5Cu3O6.96,89.0
1720,Y1Ba1.5Sr0.5Cu3O6.98,86.0
1721,Y1Ba1.5Sr0.5Cu3O7,86.45
1722,Y1Ba1.66La0.34Cu3O7.073,56.0
1723,Y1Ba1.6La0.4Cu3O7,32.2
1724,Y1Ba1.6La0.4Cu3O7.04,59.0
1725,Y1Ba1.6La0.4Cu3O7.05,52.0
1726,Y1Ba1.6La0.4Cu3O7.06,52.0
1727,Y1Ba1.6La0.4Cu3O7.083,49.4
1728,Y1Ba1.6La0.4Cu3O7.11,49.3
1729,Y1Ba1.6La0.4Cu3O7.14,69.075
1730,Y1Ba1.6Sr0.4Cu3O6.8,88.5
1731,Y1Ba1.6Sr0.4Cu3O7,83.0
1732,Y1Ba1.75Cu2.75Co0.25O6.95,25.0
1733,Y1Ba1.75Cu2.75Co0.25O7.06,63.0
1734,Y1Ba1.75Sr0.25Cu3O6.928,89.6
1735,Y1Ba1.76La0.24Cu3O7.024,73.4
1736,Y1Ba1.7Cs0.3Cu3O6.6,93.75
1737,Y1Ba1.7K0.3Cu3O6.54,92.85
1738,Y1Ba1.7La0.3Cu3O7,60.9
1739,Y1Ba1.7La0.3Cu3O7.02,69.0
1740,Y1Ba1.7La0.3Cu3O7.059,61.4
1741,Y1Ba1.7La0.3Cu3O7.1,73.5
1742,Y1Ba1.7Rb0.3Cu3O6.52,91.05
1743,Y1Ba1.85Cu2.85Co0.15O6.94,55.0
1744,Y1Ba1.85Cu2.85Co0.15O7.04,79.0
1745,Y1Ba1.86La0.14Cu3O6.96,91.9
1746,Y1Ba1.86La0.14Cu3O6.98,89.4
1747,Y1Ba1.88La0.12Cu3O6.96,93.2
1748,Y1Ba1.89La0.11Cu3O6.96,93.6
1749,Y1Ba1.8Cs0.2Cu3O6.58,93.3
1750,Y1Ba1.8Cu2.8Co0.2O6.95,43.0
1751,Y1Ba1.8Cu2.8Co0.2O7.05,70.0
1752,Y1Ba1.8K0.2Cu3O6.57,93.0
1753,Y1Ba1.8La0.2Cu3O6.6,28.1
1754,Y1Ba1.8La0.2Cu3O6.7,44.3
1755,Y1Ba1.8La0.2Cu3O6.8,47.2
1756,Y1Ba1.8La0.2Cu3O6.81,91.7
1757,Y1Ba1.8La0.2Cu3O6.85,51.4
1758,Y1Ba1.8La0.2Cu3O6.9,61.4
1759,Y1Ba1.8La0.2Cu3O6.95,78.0
1760,Y1Ba1.8La0.2Cu3O6.96,80.0
1761,Y1Ba1.8La0.2Cu3O7,79.05
1762,Y1Ba1.8La0.2Cu3O7.013,80.5
1763,Y1Ba1.8La0.2Cu3O7.03,88.85
1764,Y1Ba1.8La0.2Cu3O7.05,77.3
1765,Y1Ba1.8Rb0.2Cu3O6.56,90.55
1766,Y1Ba1.8Sc0.2Cu3O6.64,88.8
1767,Y1Ba1.8Sr0.2Cu3O6.8,90.5
1768,Y1Ba1.8Sr0.2Cu3O6.98,89.0
1769,Y1Ba1.8Sr0.2Cu3O7,87.5
1770,Y1Ba1.925La0.075Cu3O6.9,99.0
1771,Y1Ba1.92La0.08Cu3O6.96,94.0
1772,Y1Ba1.92La0.08Cu3O6.965,92.6
1773,Y1Ba1.94La0.06Cu3O6.96,94.0
1774,Y1Ba1.95Cs0.05Cu3O7,85.5
1775,Y1Ba1.95Cu2.95Co0.05O6.9,70.0
1776,Y1Ba1.95Cu2.95Co0.05O7,90.0
1777,Y1Ba1.95La0.05Cu3O6.89,86.0
1778,Y1Ba1.95La0.05Cu3O6.9,99.0
1779,Y1Ba1.95La0.05Cu3O6.96,93.8
1780,Y1Ba1.95La0.05Cu3O6.98,89.65
1781,Y1Ba1.96La0.04Cu3O6.96,93.6
1782,Y1Ba1.96Sr0.04Cu3O6.98,91.8
1783,Y1Ba1.96Sr0.04Cu3O7,90.0
1784,Y1Ba1.975La0.025Cu3O6.95,99.0
1785,Y1Ba1.97La0.03Cu3O6.96,93.2
1786,Y1Ba1.98La0.02Cu3O6.96,92.6
1787,Y1Ba1.99Cu2.847Ag0.153O6.7,86.0
1788,Y1Ba1.99La0.01Cu3O6.96,92.1
1789,Y1Ba1.9Ca0.1Cu3O6.84,85.0
1790,Y1Ba1.9Cs0.1Cu3O6.65,93.45
1791,Y1Ba1.9Cu2.9Co0.1O6.92,66.0
1792,Y1Ba1.9Cu2.9Co0.1O7.02,89.0
1793,Y1Ba1.9K0.1Cu3O6.61,92.7
1794,Y1Ba1.9K0.1Cu3O6.9,91.5
1795,Y1Ba1.9La0.1Cu3O6.5,32.9
1796,Y1Ba1.9La0.1Cu3O6.6,50.6
1797,Y1Ba1.9La0.1Cu3O6.7,54.5
1798,Y1Ba1.9La0.1Cu3O6.73,92.85
1799,Y1Ba1.9La0.1Cu3O6.8,57.9
1800,Y1Ba1.9La0.1Cu3O6.85,67.0
1801,Y1Ba1.9La0.1Cu3O6.9,88.4
1802,Y1Ba1.9La0.1Cu3O6.92,90.0
1803,Y1Ba1.9La0.1Cu3O6.96,93.5
1804,Y1Ba1.9La0.1Cu3O6.975,93.9
1805,Y1Ba1.9La0.1Cu3O6.99,90.675
1806,Y1Ba1.9La0.1Cu3O7,92.35
1807,Y1Ba1.9La0.1Cu3O7.06,91.9
1808,Y1Ba1.9Rb0.1Cu3O6.52,93.35
1809,Y1Ba1.9Sc0.1Cu3O6.55,88.95
1810,Y1Ba1.9Sr0.1Cu3O6.89,89.0
1811,Y1Ba1.9Sr0.1Cu3O7,88.0
1812,Y1Ba1Sr1Cu2.75Sn0.25O7.16,40.9
1813,Y1Ba1Sr1Cu2.75Sn0.25O7.163,40.9
1814,Y1Ba1Sr1Cu2.85Sn0.15O7.06,63.8
1815,Y1Ba1Sr1Cu2.85Sn0.15O7.062,63.7
1816,Y1Ba1Sr1Cu2.8Mo0.2O7.3,68.0
1817,Y1Ba1Sr1Cu2.8Sn0.2O7.12,49.8
1818,Y1Ba1Sr1Cu2.8Sn0.2O7.122,49.3
1819,Y1Ba1Sr1Cu2.95Mo0.05O7.07,85.0
1820,Y1Ba1Sr1Cu2.95Sn0.05O6.96,73.80000000000001
1821,Y1Ba1Sr1Cu2.975Sn0.025O6.91,76.3
1822,Y1Ba1Sr1Cu2.975Sn0.025O6.92,77.0
1823,Y1Ba1Sr1Cu2.9Mo0.1O7.16,86.0
1824,Y1Ba1Sr1Cu2.9Sn0.1O7,69.1
1825,Y1Ba1Sr1Cu2.9Sn0.1O7.001,68.6
1826,Y1Ba1Sr1Cu3O6.685,34.0
1827,Y1Ba1Sr1Cu3O6.8,67.5
1828,Y1Ba1Sr1Cu3O6.83,58.5
1829,Y1Ba1Sr1Cu3O6.88,75.6
1830,Y1Ba1Sr1Cu3O6.899,80.2
1831,Y1Ba1Sr1Cu3O6.9,92.0
1832,Y1Ba1Sr1Cu3O6.91,81.0
1833,Y1Ba1Sr1Cu3O6.93,80.8
1834,Y1Ba1Sr1Cu3O6.94,79.0
1835,Y1Ba1Sr1Cu3O6.947,83.3
1836,Y1Ba1Sr1Cu3O6.96,83.5
1837,Y1Ba1Sr1Cu3O6.98,82.8
1838,Y1Ba1Sr1Cu3O7,81.0
1839,Y1Ba2.01Cu2.7Co0.3O6.8,36.0
1840,Y1Ba2.01Cu2.806Cr0.194O7.3,62.0
1841,Y1Ba2.01Cu2.81Ni0.19O6.7,65.0
1842,Y1Ba2.02Cu2.18Zn0.82O7,30.0
1843,Y1Ba2Cu2.05Al0.95O6.7,63.0
1844,Y1Ba2Cu2.3Fe0.7O7.484,60.0
1845,Y1Ba2Cu2.4Fe0.6O7.453,62.0
1846,Y1Ba2Cu2.4Ga0.6O7,63.31
1847,Y1Ba2Cu2.4Mn0.6O7,84.0
1848,Y1Ba2Cu2.4Ni0.6O6.94,66.0
1849,Y1Ba2Cu2.52Al0.48O6.74,68.0
1850,Y1Ba2Cu2.55Ga0.45O7,65.36
1851,Y1Ba2Cu2.55Mn0.45O7,86.0
1852,Y1Ba2Cu2.55Ni0.45O7,45.0
1853,Y1Ba2Cu2.58Fe0.42O7,24.7
1854,Y1Ba2Cu2.5Fe0.5O7.35,80.0
1855,Y1Ba2Cu2.5Fe0.5O7.413,80.0
1856,Y1Ba2Cu2.5Ni0.5O7,57.05
1857,Y1Ba2Cu2.61Ga0.39O7,64.8
1858,Y1Ba2Cu2.64Co0.36O7.03,22.0
1859,Y1Ba2Cu2.64Fe0.36O7,32.0
1860,Y1Ba2Cu2.64Fe0.36O7.12,32.0
1861,Y1Ba2Cu2.67Ga0.33O7,65.64
1862,Y1Ba2Cu2.68Fe0.32O6.999,26.0
1863,Y1Ba2Cu2.68Fe0.32O7.343,82.0
1864,Y1Ba2Cu2.697Mn0.303O6.9,63.0
1865,Y1Ba2Cu2.6Al0.4O7,42.0
1866,Y1Ba2Cu2.6Co0.4O7.03,11.3
1867,Y1Ba2Cu2.6Fe0.4O7,31.0
1868,Y1Ba2Cu2.6Fe0.4O7.401,82.0
1869,Y1Ba2Cu2.6Ni0.4O7,64.5
1870,Y1Ba2Cu2.72Ni0.28O7,51.0
1871,Y1Ba2Cu2.737Zn0.262O7,8.0
1872,Y1Ba2Cu2.73Fe0.27O7.1,69.0
1873,Y1Ba2Cu2.73Ga0.27O7,67.04
1874,Y1Ba2Cu2.745Fe0.255O7.08,53.0
1875,Y1Ba2Cu2.745Zn0.255O7,5.7
1876,Y1Ba2Cu2.74Fe0.26O7,55.6
1877,Y1Ba2Cu2.75Al0.25O7,80.8
1878,Y1Ba2Cu2.75Co0.25O7.06,66.2
1879,Y1Ba2Cu2.75Ni0.25O7,63.9
1880,Y1Ba2Cu2.76Al0.24O7,72.1
1881,Y1Ba2Cu2.76Co0.24O6.999,50.7
1882,Y1Ba2Cu2.76Fe0.24O7,48.65
1883,Y1Ba2Cu2.76Ga0.24O7,58.745000000000005
1884,Y1Ba2Cu2.76Ni0.24O7,71.5
1885,Y1Ba2Cu2.76Zn0.24O7,17.216666666666665
1886,Y1Ba2Cu2.775Co0.225O6.99,58.0
1887,Y1Ba2Cu2.775Fe0.225O7,59.86666666666667
1888,Y1Ba2Cu2.775Ni0.225O7,68.0
1889,Y1Ba2Cu2.775Zn0.225O6.93,25.0
1890,Y1Ba2Cu2.775Zn0.225O7,29.7
1891,Y1Ba2Cu2.78Fe0.22O7,64.0
1892,Y1Ba2Cu2.799Fe0.201O7,39.0
1893,Y1Ba2Cu2.79Co0.21O7,31.55
1894,Y1Ba2Cu2.79Ga0.21O7,76.91
1895,Y1Ba2Cu2.79Li0.21O7,53.0
1896,Y1Ba2Cu2.79Zn0.21O6.95,20.0
1897,Y1Ba2Cu2.79Zn0.21O6.97,14.2
1898,Y1Ba2Cu2.79Zn0.21O7,25.520000000000003
1899,Y1Ba2Cu2.7Al0.3O6.99,73.0
1900,Y1Ba2Cu2.7Al0.3O7,59.4
1901,Y1Ba2Cu2.7Co0.3O6.88,22.0
1902,Y1Ba2Cu2.7Co0.3O6.93,16.9
1903,Y1Ba2Cu2.7Co0.3O7.11,36.0
1904,Y1Ba2Cu2.7Fe0.3O7,24.96
1905,Y1Ba2Cu2.7Fe0.3O7.1,69.0
1906,Y1Ba2Cu2.7Fe0.3O7.15,36.0
1907,Y1Ba2Cu2.7Ga0.3O6.93,75.0
1908,Y1Ba2Cu2.7Ga0.3O7,53.56666666666666
1909,Y1Ba2Cu2.7In0.3O6.9,90.0
1910,Y1Ba2Cu2.7Mn0.3O7,89.0
1911,Y1Ba2Cu2.7Ni0.3O6.88,73.0
1912,Y1Ba2Cu2.7Ni0.3O6.9,46.0
1913,Y1Ba2Cu2.7Ni0.3O6.97,50.2
1914,Y1Ba2Cu2.7Ni0.3O7,60.0
1915,Y1Ba2Cu2.7Zn0.3O6.74,45.0
1916,Y1Ba2Cu2.7Zn0.3O6.92,47.2
1917,Y1Ba2Cu2.7Zn0.3O7,23.0
1918,Y1Ba2Cu2.805Fe0.195O7,55.5
1919,Y1Ba2Cu2.829Zn0.171O7,2.2
1920,Y1Ba2Cu2.82Al0.18O7,52.699999999999996
1921,Y1Ba2Cu2.82Co0.18O7,46.0
1922,Y1Ba2Cu2.82Fe0.18O6.895,87.7
1923,Y1Ba2Cu2.82Fe0.18O6.95,75.6
1924,Y1Ba2Cu2.82Fe0.18O7,73.1
1925,Y1Ba2Cu2.82Ga0.18O7,68.72
1926,Y1Ba2Cu2.82Ni0.18O7,70.1
1927,Y1Ba2Cu2.82Zn0.06O7,29.9
1928,Y1Ba2Cu2.82Zn0.18O7,37.895
1929,Y1Ba2Cu2.835Fe0.165O6.98,69.3
1930,Y1Ba2Cu2.83Fe0.17O7,72.0
1931,Y1Ba2Cu2.841Co0.159O6.8,54.0
1932,Y1Ba2Cu2.844Fe0.156O7,57.0
1933,Y1Ba2Cu2.84Fe0.16O6.959,53.0
1934,Y1Ba2Cu2.84Fe0.16O7.303,85.0
1935,Y1Ba2Cu2.85Ag0.15O7,90.0
1936,Y1Ba2Cu2.85Co0.15O6.92,71.0
1937,Y1Ba2Cu2.85Co0.15O7,57.1
1938,Y1Ba2Cu2.85Co0.15O7.03,65.0
1939,Y1Ba2Cu2.85Fe0.024Zn0.126O7,47.2
1940,Y1Ba2Cu2.85Fe0.049Zn0.101O7,46.6
1941,Y1Ba2Cu2.85Fe0.075Zn0.075O7,50.0
1942,Y1Ba2Cu2.85Fe0.097Zn0.052O7,59.0
1943,Y1Ba2Cu2.85Fe0.126Zn0.024O7,67.9
1944,Y1Ba2Cu2.85Fe0.15O7,62.97142857142857
1945,Y1Ba2Cu2.85Fe0.15O7.02,76.0
1946,Y1Ba2Cu2.85Ga0.025Ni0.124O7,74.4
1947,Y1Ba2Cu2.85Ga0.025Zn0.124O7,54.2
1948,Y1Ba2Cu2.85Ga0.049Ni0.101O7,70.7
1949,Y1Ba2Cu2.85Ga0.049Zn0.101O7,63.0
1950,Y1Ba2Cu2.85Ga0.075Ni0.075O7,65.0
1951,Y1Ba2Cu2.85Ga0.075Zn0.075O7,66.3
1952,Y1Ba2Cu2.85Ga0.097Ni0.052O7,66.6
1953,Y1Ba2Cu2.85Ga0.101Zn0.049O7,63.7
1954,Y1Ba2Cu2.85Ga0.126Ni0.024O7,74.4
1955,Y1Ba2Cu2.85Ga0.126Zn0.024O7,66.3
1956,Y1Ba2Cu2.85Ga0.15O7,75.28428571428572
1957,Y1Ba2Cu2.85Gd0.15O7,44.1
1958,Y1Ba2Cu2.85Mn0.15O7,87.49000000000001
1959,Y1Ba2Cu2.85Ni0.025Zn0.124O7,47.9
1960,Y1Ba2Cu2.85Ni0.051Zn0.099O7,52.5
1961,Y1Ba2Cu2.85Ni0.075Zn0.075O7,58.0
1962,Y1Ba2Cu2.85Ni0.101Zn0.049O7,62.0
1963,Y1Ba2Cu2.85Ni0.124Zn0.025O7,64.6
1964,Y1Ba2Cu2.85Ni0.15O6.78,41.3
1965,Y1Ba2Cu2.85Ni0.15O6.84,75.0
1966,Y1Ba2Cu2.85Ni0.15O6.9,73.0
1967,Y1Ba2Cu2.85Ni0.15O6.97,77.2
1968,Y1Ba2Cu2.85Ni0.15O7,73.675
1969,Y1Ba2Cu2.85Zn0.036Ga0.114O7,55.1
1970,Y1Ba2Cu2.85Zn0.075Ga0.075O7,42.3
1971,Y1Ba2Cu2.85Zn0.114Ga0.036O7,40.2
1972,Y1Ba2Cu2.85Zn0.15O6.85,47.6
1973,Y1Ba2Cu2.85Zn0.15O6.9,32.5
1974,Y1Ba2Cu2.85Zn0.15O6.95,39.2
1975,Y1Ba2Cu2.85Zn0.15O6.97,39.0
1976,Y1Ba2Cu2.85Zn0.15O7,41.7025
1977,Y1Ba2Cu2.85Zr0.15O7,82.5
1978,Y1Ba2Cu2.865Al0.135O7,45.0
1979,Y1Ba2Cu2.868Zn0.132O7,19.3
1980,Y1Ba2Cu2.871Co0.129O7,68.0
1981,Y1Ba2Cu2.87Al0.13O7,45.0
1982,Y1Ba2Cu2.87Fe0.13O7,75.75
1983,Y1Ba2Cu2.885Zn0.195O7,32.4
1984,Y1Ba2Cu2.88Al0.12O7,65.86666666666666
1985,Y1Ba2Cu2.88Co0.12O7,77.7
1986,Y1Ba2Cu2.88Fe0.12O7,69.75714285714285
1987,Y1Ba2Cu2.88Ga0.12O7,74.045
1988,Y1Ba2Cu2.88Ni0.12O7,68.32000000000001
1989,Y1Ba2Cu2.88Ni0.18O7,77.2
1990,Y1Ba2Cu2.88P0.12O7,75.985
1991,Y1Ba2Cu2.88Ti0.12O6.88,68.4
1992,Y1Ba2Cu2.88Zn0.12O6.92,53.0
1993,Y1Ba2Cu2.88Zn0.12O6.95,64.0
1994,Y1Ba2Cu2.88Zn0.12O7,51.403333333333336
1995,Y1Ba2Cu2.88Zr0.12O7,84.0
1996,Y1Ba2Cu2.892Zn0.108O7,48.0
1997,Y1Ba2Cu2.895Fe0.105O7,68.56
1998,Y1Ba2Cu2.895Mn0.105O7,86.765
1999,Y1Ba2Cu2.89Al0.11O7,82.0
2000,Y1Ba2Cu2.89Co0.11O7,64.0
2001,Y1Ba2Cu2.8Al0.2O6.91,85.0
2002,Y1Ba2Cu2.8Co0.2O6.83,53.0
2003,Y1Ba2Cu2.8Co0.2O7.04,53.0
2004,Y1Ba2Cu2.8Cr0.2O7,87.5
2005,Y1Ba2Cu2.8Fe0.2O6.76,27.8
2006,Y1Ba2Cu2.8Fe0.2O6.8,43.9
2007,Y1Ba2Cu2.8Fe0.2O6.85,57.7
2008,Y1Ba2Cu2.8Fe0.2O6.9,58.8
2009,Y1Ba2Cu2.8Fe0.2O6.93,49.0
2010,Y1Ba2Cu2.8Fe0.2O7,64.0
2011,Y1Ba2Cu2.8Ga0.2O7,68.0
2012,Y1Ba2Cu2.8Ni0.2O6.82,45.0
2013,Y1Ba2Cu2.8Ni0.2O7,71.45
2014,Y1Ba2Cu2.8Zn0.2O6.79,45.0
2015,Y1Ba2Cu2.8Zn0.2O6.85,30.69
2016,Y1Ba2Cu2.8Zn0.2O6.88,54.7
2017,Y1Ba2Cu2.901Co0.099O7,70.0
2018,Y1Ba2Cu2.901Fe0.099O7,62.0
2019,Y1Ba2Cu2.901Zn0.099O7,37.5
2020,Y1Ba2Cu2.909Zn0.091O7,55.0
2021,Y1Ba2Cu2.919Zn0.081O6.7,17.0
2022,Y1Ba2Cu2.919Zn0.081O6.75,20.0
2023,Y1Ba2Cu2.919Zn0.081O6.8,24.0
2024,Y1Ba2Cu2.919Zn0.081O6.83,28.0
2025,Y1Ba2Cu2.919Zn0.081O7,47.4
2026,Y1Ba2Cu2.91Co0.09O7,70.0
2027,Y1Ba2Cu2.91Fe0.09O6.83,60.0
2028,Y1Ba2Cu2.91Fe0.09O7,82.8
2029,Y1Ba2Cu2.91Ga0.09O7,80.60499999999999
2030,Y1Ba2Cu2.91Ni0.09O7,76.0
2031,Y1Ba2Cu2.91P0.09O7,80.97
2032,Y1Ba2Cu2.91Ti0.09O6.9,74.1
2033,Y1Ba2Cu2.91Zn0.09O6.6,6.0
2034,Y1Ba2Cu2.91Zn0.09O6.65,10.0
2035,Y1Ba2Cu2.91Zn0.09O6.68,35.0
2036,Y1Ba2Cu2.91Zn0.09O6.7,20.0
2037,Y1Ba2Cu2.91Zn0.09O6.73,25.0
2038,Y1Ba2Cu2.91Zn0.09O6.75,23.0
2039,Y1Ba2Cu2.91Zn0.09O6.77,30.0
2040,Y1Ba2Cu2.91Zn0.09O6.83,45.0
2041,Y1Ba2Cu2.91Zn0.09O6.9,74.6
2042,Y1Ba2Cu2.91Zn0.09O6.93,55.0
2043,Y1Ba2Cu2.91Zn0.09O6.95,56.0
2044,Y1Ba2Cu2.91Zn0.09O7,56.66166666666666
2045,Y1Ba2Cu2.925Co0.075O6.97,92.0
2046,Y1Ba2Cu2.925Fe0.075O7,84.8
2047,Y1Ba2Cu2.925Mn0.075O7,87.875
2048,Y1Ba2Cu2.925Ni0.075O7,81.05
2049,Y1Ba2Cu2.925Zn0.075O6.85,63.6
2050,Y1Ba2Cu2.925Zn0.075O6.94,65.0
2051,Y1Ba2Cu2.925Zn0.075O7,59.6
2052,Y1Ba2Cu2.92Fe0.08O7,86.2
2053,Y1Ba2Cu2.92Zn0.08O7,62.1
2054,Y1Ba2Cu2.931Zn0.069O6.6,20.0
2055,Y1Ba2Cu2.931Zn0.069O6.7,28.0
2056,Y1Ba2Cu2.93Fe0.03O7,90.1
2057,Y1Ba2Cu2.948Zn0.052O7,73.0
2058,Y1Ba2Cu2.949Co0.051O7,81.0
2059,Y1Ba2Cu2.949Fe0.051O7,78.0
2060,Y1Ba2Cu2.949Zn0.051O7,62.7
2061,Y1Ba2Cu2.94Al0.06O7,83.65
2062,Y1Ba2Cu2.94Co0.06O7,78.3
2063,Y1Ba2Cu2.94Cr0.06O7,84.0
2064,Y1Ba2Cu2.94Fe0.06H0.4O7,47.0
2065,Y1Ba2Cu2.94Fe0.06O6.85,85.0
2066,Y1Ba2Cu2.94Fe0.06O6.89,87.5
2067,Y1Ba2Cu2.94Fe0.06O6.929,85.0
2068,Y1Ba2Cu2.94Fe0.06O6.954,76.6
2069,Y1Ba2Cu2.94Fe0.06O7,79.46666666666668
2070,Y1Ba2Cu2.94Fe0.06O7.254,91.0
2071,Y1Ba2Cu2.94Ga0.06O7,87.29666666666667
2072,Y1Ba2Cu2.94Li0.06O6.6,26.0
2073,Y1Ba2Cu2.94Li0.06O7,78.0
2074,Y1Ba2Cu2.94Mn0.06O7,91.005
2075,Y1Ba2Cu2.94Ni0.06O6.56,37.5
2076,Y1Ba2Cu2.94Ni0.06O6.6,40.1
2077,Y1Ba2Cu2.94Ni0.06O6.64,43.1
2078,Y1Ba2Cu2.94Ni0.06O6.7,47.4
2079,Y1Ba2Cu2.94Ni0.06O6.78,64.6
2080,Y1Ba2Cu2.94Ni0.06O6.9,86.3
2081,Y1Ba2Cu2.94Ni0.06O6.94,83.5
2082,Y1Ba2Cu2.94Ni0.06O6.97,85.0
2083,Y1Ba2Cu2.94Ni0.06O7,80.01428571428572
2084,Y1Ba2Cu2.94Ni0.06O7.01,85.0
2085,Y1Ba2Cu2.94P0.06O7,88.259
2086,Y1Ba2Cu2.94Ti0.06O6.91,77.0
2087,Y1Ba2Cu2.94Zn0.06O6.59,18.75
2088,Y1Ba2Cu2.94Zn0.06O6.63,25.0
2089,Y1Ba2Cu2.94Zn0.06O6.65,18.9
2090,Y1Ba2Cu2.94Zn0.06O6.68,22.5
2091,Y1Ba2Cu2.94Zn0.06O6.7,23.0
2092,Y1Ba2Cu2.94Zn0.06O6.73,35.0
2093,Y1Ba2Cu2.94Zn0.06O6.75,37.0
2094,Y1Ba2Cu2.94Zn0.06O6.76,41.1
2095,Y1Ba2Cu2.94Zn0.06O6.77,44.0
2096,Y1Ba2Cu2.94Zn0.06O6.83,55.0
2097,Y1Ba2Cu2.94Zn0.06O6.84,60.8
2098,Y1Ba2Cu2.94Zn0.06O6.9,73.55
2099,Y1Ba2Cu2.94Zn0.06O6.93,75.0
2100,Y1Ba2Cu2.94Zn0.06O6.95,65.0
2101,Y1Ba2Cu2.94Zn0.06O6.96,71.0
2102,Y1Ba2Cu2.94Zn0.06O6.97,67.6
2103,Y1Ba2Cu2.94Zn0.06O7,67.03
2104,Y1Ba2Cu2.94Zr0.06O6.81,92.3
2105,Y1Ba2Cu2.954Zn0.047O7,73.8
2106,Y1Ba2Cu2.955Au0.045O7,91.5
2107,Y1Ba2Cu2.955Co0.045O7,94.4
2108,Y1Ba2Cu2.955Fe0.045O6.89,72.0
2109,Y1Ba2Cu2.955Fe0.045O6.93,91.4
2110,Y1Ba2Cu2.955Fe0.045O7,75.575
2111,Y1Ba2Cu2.955Mn0.045O7,91.12
2112,Y1Ba2Cu2.955Ni0.045O6.95,86.2
2113,Y1Ba2Cu2.955Zn0.045O7,68.55
2114,Y1Ba2Cu2.95Al0.05O6.93,91.0
2115,Y1Ba2Cu2.95Al0.05O7,88.0
2116,Y1Ba2Cu2.95Co0.05O6.88,91.2
2117,Y1Ba2Cu2.95Co0.05O6.92,94.3
2118,Y1Ba2Cu2.95Fe0.05O6.55,17.8
2119,Y1Ba2Cu2.95Fe0.05O6.6,26.2
2120,Y1Ba2Cu2.95Fe0.05O6.64,37.4
2121,Y1Ba2Cu2.95Fe0.05O6.69,43.5
2122,Y1Ba2Cu2.95Fe0.05O6.73,52.7
2123,Y1Ba2Cu2.95Fe0.05O6.79,67.6
2124,Y1Ba2Cu2.95Fe0.05O6.84,76.4
2125,Y1Ba2Cu2.95Fe0.05O6.9,88.7
2126,Y1Ba2Cu2.95Fe0.05O6.92,91.8
2127,Y1Ba2Cu2.95Ga0.05O6.69,88.0
2128,Y1Ba2Cu2.95Gd0.05O7,44.8
2129,Y1Ba2Cu2.95Ni0.05O6.93,80.0
2130,Y1Ba2Cu2.95Ni0.05O6.94,85.0
2131,Y1Ba2Cu2.95Ni0.05O7,87.65
2132,Y1Ba2Cu2.95Zn0.05O6.52,23.0
2133,Y1Ba2Cu2.95Zn0.05O6.56,24.0
2134,Y1Ba2Cu2.95Zn0.05O6.62,21.0
2135,Y1Ba2Cu2.95Zn0.05O6.63,25.0
2136,Y1Ba2Cu2.95Zn0.05O6.69,25.0
2137,Y1Ba2Cu2.95Zn0.05O6.7,25.0
2138,Y1Ba2Cu2.95Zn0.05O6.72,35.0
2139,Y1Ba2Cu2.95Zn0.05O6.75,48.0
2140,Y1Ba2Cu2.95Zn0.05O6.8,60.0
2141,Y1Ba2Cu2.95Zn0.05O6.85,66.19
2142,Y1Ba2Cu2.95Zn0.05O6.94,73.9
2143,Y1Ba2Cu2.961Co0.039O7,93.0
2144,Y1Ba2Cu2.961Zn0.039O6.7,38.0
2145,Y1Ba2Cu2.961Zn0.039O6.78,42.9
2146,Y1Ba2Cu2.96Co0.04O7,91.5
2147,Y1Ba2Cu2.96Fe0.04O7,90.0
2148,Y1Ba2Cu2.96Zn0.04O7,75.1
2149,Y1Ba2Cu2.975Ni0.025O7,86.5
2150,Y1Ba2Cu2.975Zn0.025O6.85,72.85
2151,Y1Ba2Cu2.975Zn0.025O6.93,82.8
2152,Y1Ba2Cu2.9775Zn0.0225O6.93,83.0
2153,Y1Ba2Cu2.979Zn0.021O7,82.1
2154,Y1Ba2Cu2.97Al0.03O7,86.1
2155,Y1Ba2Cu2.97Co0.03O6.96,92.0
2156,Y1Ba2Cu2.97Co0.03O7,90.5
2157,Y1Ba2Cu2.97Fe0.03O7,87.73333333333333
2158,Y1Ba2Cu2.97Ga0.03O7,90.88
2159,Y1Ba2Cu2.97Gd0.03O7,40.4
2160,Y1Ba2Cu2.97Li0.03O6.6,41.0
2161,Y1Ba2Cu2.97Li0.03O7,86.0
2162,Y1Ba2Cu2.97Mn0.03O7,91.235
2163,Y1Ba2Cu2.97Ni0.03O6.94,88.5
2164,Y1Ba2Cu2.97Ni0.03O7,87.0
2165,Y1Ba2Cu2.97P0.03O7,96.663
2166,Y1Ba2Cu2.97Ti0.03O6.92,82.0
2167,Y1Ba2Cu2.97Zn0.03O6.59,38.7
2168,Y1Ba2Cu2.97Zn0.03O6.63,42.5
2169,Y1Ba2Cu2.97Zn0.03O6.67,39.8
2170,Y1Ba2Cu2.97Zn0.03O6.68,41.0
2171,Y1Ba2Cu2.97Zn0.03O6.7,50.0
2172,Y1Ba2Cu2.97Zn0.03O6.75,58.0
2173,Y1Ba2Cu2.97Zn0.03O6.76,61.4
2174,Y1Ba2Cu2.97Zn0.03O6.77,67.0
2175,Y1Ba2Cu2.97Zn0.03O6.85,77.0
2176,Y1Ba2Cu2.97Zn0.03O6.9,81.0
2177,Y1Ba2Cu2.97Zn0.03O6.93,81.0
2178,Y1Ba2Cu2.97Zn0.03O6.95,81.0
2179,Y1Ba2Cu2.97Zn0.03O6.97,79.1
2180,Y1Ba2Cu2.97Zn0.03O6.98,80.0
2181,Y1Ba2Cu2.97Zn0.03O7,77.73875
2182,Y1Ba2Cu2.982Zn0.018O6.75,57.8
2183,Y1Ba2Cu2.982Zn0.018O6.78,56.0
2184,Y1Ba2Cu2.982Zn0.018O6.9,89.2
2185,Y1Ba2Cu2.982Zn0.018O7,82.0
2186,Y1Ba2Cu2.984Zn0.016O7,84.0
2187,Y1Ba2Cu2.985Fe0.015O7,90.75
2188,Y1Ba2Cu2.985Ni0.015O6.92,90.5
2189,Y1Ba2Cu2.985Zn0.015O6.95,86.0
2190,Y1Ba2Cu2.985Zn0.015O7,81.6
2191,Y1Ba2Cu2.988Zn0.012O6.75,62.0
2192,Y1Ba2Cu2.988Zn0.012O7,85.0
2193,Y1Ba2Cu2.98Co0.02O6.9,93.4
2194,Y1Ba2Cu2.98Fe0.02O6.93,90.4
2195,Y1Ba2Cu2.98Fe0.02O7,92.05000000000001
2196,Y1Ba2Cu2.98Gd0.02O7,42.5
2197,Y1Ba2Cu2.98Ni0.02O6.94,86.0
2198,Y1Ba2Cu2.98Ni0.02O6.95,87.5
2199,Y1Ba2Cu2.98Ni0.02O7,91.6
2200,Y1Ba2Cu2.98Zn0.02O7,84.83333333333333
2201,Y1Ba2Cu2.98Zr0.02O6.84,90.2
2202,Y1Ba2Cu2.98Zr0.2O6.75,89.8
2203,Y1Ba2Cu2.9907Zn0.0093O6.95,88.0
2204,Y1Ba2Cu2.9925Zn0.0075O6.92,88.0
2205,Y1Ba2Cu2.993Zn0.007O7,84.0
2206,Y1Ba2Cu2.994Zn0.006O6.63,60.0
2207,Y1Ba2Cu2.9955Zn0.0045O6.95,90.0
2208,Y1Ba2Cu2.99Gd0.01O7,44.4
2209,Y1Ba2Cu2.99Zn0.01O7,87.55
2210,Y1Ba2Cu2.9Al0.1O6.93,92.0
2211,Y1Ba2Cu2.9Al0.1O7,75.0
2212,Y1Ba2Cu2.9Al0.1O7.1,85.0
2213,Y1Ba2Cu2.9Co0.1O6.82,73.0
2214,Y1Ba2Cu2.9Co0.1O6.89,55.3
2215,Y1Ba2Cu2.9Fe0.1O6.62,4.2
2216,Y1Ba2Cu2.9Fe0.1O6.64,20.5
2217,Y1Ba2Cu2.9Fe0.1O6.7,28.5
2218,Y1Ba2Cu2.9Fe0.1O6.72,33.0
2219,Y1Ba2Cu2.9Fe0.1O6.75,37.4
2220,Y1Ba2Cu2.9Fe0.1O6.8,50.55
2221,Y1Ba2Cu2.9Fe0.1O6.85,63.8
2222,Y1Ba2Cu2.9Fe0.1O6.9,74.9
2223,Y1Ba2Cu2.9Fe0.1O6.92,62.0
2224,Y1Ba2Cu2.9Fe0.1O6.929,71.0
2225,Y1Ba2Cu2.9Fe0.1O7,80.5
2226,Y1Ba2Cu2.9Fe0.1O7.293,87.0
2227,Y1Ba2Cu2.9Ga0.1O6.8,81.0
2228,Y1Ba2Cu2.9Gd0.1O7,33.7
2229,Y1Ba2Cu2.9Ni0.1O6.56,4.3
2230,Y1Ba2Cu2.9Ni0.1O6.61,20.5
2231,Y1Ba2Cu2.9Ni0.1O6.71,29.0
2232,Y1Ba2Cu2.9Ni0.1O6.77,44.0
2233,Y1Ba2Cu2.9Ni0.1O6.85,54.5
2234,Y1Ba2Cu2.9Ni0.1O6.87,55.0
2235,Y1Ba2Cu2.9Ni0.1O6.88,69.5
2236,Y1Ba2Cu2.9Ni0.1O6.92,80.5
2237,Y1Ba2Cu2.9Ni0.1O6.93,72.5
2238,Y1Ba2Cu2.9Ni0.1O6.95,70.0
2239,Y1Ba2Cu2.9Ni0.1O7,81.60000000000001
2240,Y1Ba2Cu2.9Sn0.1O7.28,90.0
2241,Y1Ba2Cu2.9Zn0.1O6.81,55.0
2242,Y1Ba2Cu2.9Zn0.1O6.85,50.08
2243,Y1Ba2Cu2.9Zn0.1O6.88,4.3
2244,Y1Ba2Cu2.9Zn0.1O6.93,23.0
2245,Y1Ba2Cu2.9Zn0.1O6.94,56.95
2246,Y1Ba2Cu2.9Zn0.1O6.99,43.5
2247,Y1Ba2Cu2.9Zn0.1O7,55.8
2248,Y1Ba2Cu3Br0.9O6.2,92.0
2249,Y1Ba2Cu3Cl1O6,72.0
2250,Y1Ba2Cu3F0.15O6.7,89.5
2251,Y1Ba2Cu3F0.1O6.7,71.0
2252,Y1Ba2Cu3F0.1O7,91.0
2253,Y1Ba2Cu3F0.25O6.7,91.0
2254,Y1Ba2Cu3F0.29O6.7,91.0
2255,Y1Ba2Cu3F0.2O7,91.0
2256,Y1Ba2Cu3F0.38O6.7,91.0
2257,Y1Ba2Cu3F0.76O6,35.0
2258,Y1Ba2Cu3F1.11O6,45.0
2259,Y1Ba2Cu3F1.26O6,55.0
2260,Y1Ba2Cu3F1.46O6,55.0
2261,Y1Ba2Cu3H0.06O6.91,92.8
2262,Y1Ba2Cu3H0.08O7,88.0
2263,Y1Ba2Cu3H0.13O7,93.5
2264,Y1Ba2Cu3H0.14O6.91,90.95
2265,Y1Ba2Cu3H0.14O7,92.5
2266,Y1Ba2Cu3H0.16O6.54,47.9
2267,Y1Ba2Cu3H0.19O7,93.5
2268,Y1Ba2Cu3H0.1O6.765,73.0
2269,Y1Ba2Cu3H0.1O6.795,75.0
2270,Y1Ba2Cu3H0.21O7,86.0
2271,Y1Ba2Cu3H0.24O6.765,68.0
2272,Y1Ba2Cu3H0.27O6.91,91.1
2273,Y1Ba2Cu3H0.2O6.795,72.5
2274,Y1Ba2Cu3H0.2O6.98,94.5
2275,Y1Ba2Cu3H0.2O7,92.0
2276,Y1Ba2Cu3H0.31O6.54,47.3
2277,Y1Ba2Cu3H0.32O6.91,91.25
2278,Y1Ba2Cu3H0.34O7,66.0
2279,Y1Ba2Cu3H0.38O7,93.8
2280,Y1Ba2Cu3H0.48O7,70.8
2281,Y1Ba2Cu3H0.49O7,93.6
2282,Y1Ba2Cu3H0.52O6.91,91.7
2283,Y1Ba2Cu3H0.53O6.54,43.8
2284,Y1Ba2Cu3H0.64O6.54,42.05
2285,Y1Ba2Cu3Li0.02O7,89.456
2286,Y1Ba2Cu3Li0.06O7,87.35000000000001
2287,Y1Ba2Cu3Li0.08O7,89.2
2288,Y1Ba2Cu3Li0.1O7,88.91
2289,Y1Ba2Cu3Li0.3O7,86.0
2290,Y1Ba2Cu3Li0.5O7,83.79
2291,Y1Ba2Cu3O6.5,45.8909090909091
2292,Y1Ba2Cu3O6.51,45.4
2293,Y1Ba2Cu3O6.516,58.2
2294,Y1Ba2Cu3O6.52,55.898
2295,Y1Ba2Cu3O6.53,49.775000000000006
2296,Y1Ba2Cu3O6.54,52.06666666666666
2297,Y1Ba2Cu3O6.546,59.4
2298,Y1Ba2Cu3O6.55,63.370000000000005
2299,Y1Ba2Cu3O6.556,58.95
2300,Y1Ba2Cu3O6.56,54.7
2301,Y1Ba2Cu3O6.57,56.1
2302,Y1Ba2Cu3O6.58,52.4
2303,Y1Ba2Cu3O6.59,60.55
2304,Y1Ba2Cu3O6.6,61.534615384615385
2305,Y1Ba2Cu3O6.602,59.4
2306,Y1Ba2Cu3O6.61,59.626
2307,Y1Ba2Cu3O6.62,51.825
2308,Y1Ba2Cu3O6.63,62.02
2309,Y1Ba2Cu3O6.64,59.53333333333333
2310,Y1Ba2Cu3O6.65,63.449999999999996
2311,Y1Ba2Cu3O6.66,64.12444444444445
2312,Y1Ba2Cu3O6.666,60.5
2313,Y1Ba2Cu3O6.67,58.425
2314,Y1Ba2Cu3O6.68,53.379999999999995
2315,Y1Ba2Cu3O6.69,80.85
2316,Y1Ba2Cu3O6.7,70.98133333333334
2317,Y1Ba2Cu3O6.702,69.0
2318,Y1Ba2Cu3O6.71,61.96666666666667
2319,Y1Ba2Cu3O6.72,72.07142857142857
2320,Y1Ba2Cu3O6.729,56.8
2321,Y1Ba2Cu3O6.73,71.7642857142857
2322,Y1Ba2Cu3O6.74,78.275
2323,Y1Ba2Cu3O6.75,75.77222222222223
2324,Y1Ba2Cu3O6.76,77.00750000000001
2325,Y1Ba2Cu3O6.765,75.8
2326,Y1Ba2Cu3O6.77,80.39999999999999
2327,Y1Ba2Cu3O6.773,71.2
2328,Y1Ba2Cu3O6.78,81.46000000000001
2329,Y1Ba2Cu3O6.791,86.9
2330,Y1Ba2Cu3O6.795,82.5
2331,Y1Ba2Cu3O6.8,82.345
2332,Y1Ba2Cu3O6.81,88.4
2333,Y1Ba2Cu3O6.82,88.64999999999999
2334,Y1Ba2Cu3O6.821,91.1
2335,Y1Ba2Cu3O6.828,88.0
2336,Y1Ba2Cu3O6.829,57.7
2337,Y1Ba2Cu3O6.83,90.43333333333334
2338,Y1Ba2Cu3O6.838,84.8
2339,Y1Ba2Cu3O6.84,82.28333333333333
2340,Y1Ba2Cu3O6.85,86.71249999999999
2341,Y1Ba2Cu3O6.852,89.2
2342,Y1Ba2Cu3O6.858,87.4
2343,Y1Ba2Cu3O6.86,87.5
2344,Y1Ba2Cu3O6.861,80.5
2345,Y1Ba2Cu3O6.869,90.0
2346,Y1Ba2Cu3O6.87,89.33333333333333
2347,Y1Ba2Cu3O6.876,78.1
2348,Y1Ba2Cu3O6.88,89.025
2349,Y1Ba2Cu3O6.883,74.0
2350,Y1Ba2Cu3O6.887,89.8
2351,Y1Ba2Cu3O6.89,84.9
2352,Y1Ba2Cu3O6.894,80.5
2353,Y1Ba2Cu3O6.9,90.4767391304348
2354,Y1Ba2Cu3O6.906,92.4
2355,Y1Ba2Cu3O6.91,92.23333333333333
2356,Y1Ba2Cu3O6.92,91.51666666666665
2357,Y1Ba2Cu3O6.93,91.7375
2358,Y1Ba2Cu3O6.937,84.8
2359,Y1Ba2Cu3O6.939,91.8
2360,Y1Ba2Cu3O6.94,92.52307692307691
2361,Y1Ba2Cu3O6.95,91.21450000000002
2362,Y1Ba2Cu3O6.951,91.19
2363,Y1Ba2Cu3O6.955,91.8
2364,Y1Ba2Cu3O6.957,91.0
2365,Y1Ba2Cu3O6.96,90.02333333333334
2366,Y1Ba2Cu3O6.962,92.15
2367,Y1Ba2Cu3O6.965,88.5
2368,Y1Ba2Cu3O6.97,90.575
2369,Y1Ba2Cu3O6.98,89.5125
2370,Y1Ba2Cu3O6.99,90.375
2371,Y1Ba2Cu3O6.995,89.0
2372,Y1Ba2Cu3O7,85.46979090909092
2373,Y1Ba2Cu3O7.01,89.5
2374,Y1Ba2Cu3O7.1,91.65
2375,Y1Ba2Cu3O7.19,89.0
2376,Y1Ba2Cu3S0.001O7,92.0
2377,Y1Ba2Cu3S0.03O7.12,90.0
2378,Y1Ba2Cu3S0.05O7,93.5
2379,Y1Ba2Cu3S0.06O7.23,89.0
2380,Y1Ba2Cu3S0.12O7.28,89.0
2381,Y1Ba2Cu3S1O6,89.5
2382,Y1Ba2Cu3Se0.05O7,91.0
2383,Y1La0.2Ba1.8Cu3O7.06,48.9
2384,Y1La0.2Ba1.8Cu3O7.16,61.7
2385,Y1La0.2Ba1.8Cu3O7.26,67.6
2386,Y1La0.2Ba1.8Cu3O7.36,89.1
2387,Y1La0.2Ba1.8Cu3O7.46,89.8
2388,Y1La0.2Ba1.8Cu3O7.49,90.4
2389,Y1La0.3Ba1.7Cu3O7,57.45
2390,Y1Re0.05Ba2Cu2.95O6.94,88.0
2391,Y1Re0.05Ba2Cu2.95O7.02,92.0
2392,Y1Re0.05Ba2Cu2.95O7.04,92.0
2393,Y1Re0.15Ba2Cu2.85O7.07,91.5
2394,Y1Re0.15Ba2Cu2.85O7.13,90.0
2395,Y1Re0.15Ba2Cu2.85O7.17,91.0
2396,Y1Re0.1Ba2Cu2.9O7,91.5
2397,Y1Re0.1Ba2Cu2.9O7.08,90.0
2398,Y1Re0.1Ba2Cu2.9O7.09,91.0
2399,Y1Sr0.4Ba1.6Cu2.5B0.5O7,35.0
2400,Y1Sr0.5Ba1.5Cu2.5B0.5O7,15.0
2401,Y1Sr0.6Ba1.4Cu2.5B0.5O7,47.0
2402,Y1Sr0.8Ba1.2Cu2.5B0.5O7,51.0
2403,Y1Sr1.2Ba0.8Cu2.5B0.5O7,35.0
2404,Y1Sr1.4Ba0.6Cu2.5B0.5O7,24.0
2405,Y1Sr1.55Ba0.45Cu2.5B0.5O7,16.0
2406,Y1Sr1Ba1Cu2.5B0.5O7,34.5
2407,Y1Sr2Cu2.65Fe0.35O6.7,34.0
2408,Y1Sr2Cu2.65Fe0.35O7.1,46.0
2409,Y1Sr2Cu2.65Ga0.35O6.6,17.0
2410,Y1Sr2Cu2.65Ga0.35O6.7,21.0
2411,Y1Sr2Cu2.65Mo0.35O7.2,29.0
2412,Y1Sr2Cu2.65Mo0.35O7.4,43.0
2413,Y1Sr2Cu2.65Ti0.35O6.8,21.0
2414,Y1Sr2Cu2.65Ti0.35O7.1,53.0
2415,Y1Sr2Cu2.675Ti0.325O6.6,21.0
2416,Y1Sr2Cu2.675Ti0.325O7.1,56.0
2417,Y1Sr2Cu2.6Fe0.4O7,29.0
2418,Y1Sr2Cu2.75Mo0.25O7.1,43.0
2419,Y1Sr2Cu2.75Re0.25O7,37.0
2420,Y1Sr2Cu2.75Re0.25O7.3,49.0
2421,Y1Sr2Cu2.75W0.25O6.9,33.0
2422,Y1Sr2Cu2.75W0.25O7.1,51.0
2423,Y1Sr2Cu2.7Co0.3O6.5,13.0
2424,Y1Sr2Cu2.7Co0.3O6.7,27.0
2425,Y1Sr2Cu2.7Fe0.3O6.9,43.0
2426,Y1Sr2Cu2.7Fe0.3O7.1,51.0
2427,Y1Sr2Cu2.7Mo0.3O7,33.2
2428,Y1Sr2Cu2.7Mo0.3O7.1,36.5
2429,Y1Sr2Cu2.7Re0.3O7.1,33.0
2430,Y1Sr2Cu2.7Re0.3O7.2,44.0
2431,Y1Sr2Cu2.7Ti0.3O6.7,26.0
2432,Y1Sr2Cu2.7Ti0.3O7,58.0
2433,Y1Sr2Cu2.7Ti0.3O7.144,12.0
2434,Y1Sr2Cu2.7Ti0.3O7.152,23.0
2435,Y1Sr2Cu2.7Ti0.3O7.224,35.0
2436,Y1Sr2Cu2.7W0.3O6.9,26.0
2437,Y1Sr2Cu2.85Re0.15O6.95,43.1
2438,Y1Sr2Cu2.85Re0.15O7,53.0
2439,Y1Sr2Cu2.85Re0.15O7.1,73.0
2440,Y1Sr2Cu2.8Mo0.2O7,40.0
2441,Y1Sr2Cu2.8Mo0.2O7.1,71.0
2442,Y1Sr2Cu2.8Re0.2O6.9,43.0
2443,Y1Sr2Cu2.8Re0.2O7,55.0
2444,Y1Sr2Cu2.8Re0.2O7.2,63.0
2445,Y1Sr2Cu2.8V0.2O6.5,16.0
2446,Y1Sr2Cu2.8W0.2O6.9,45.0
2447,Y1Sr2Cu2.8W0.2O7.2,66.0
2448,Y1Sr2Cu2Nb1O7,13.0
2449,Y1Sr2Cu3O6.92,68.0
2450,Y1Sr2Cu3O7.2,64.0
2451,Y1Sr2Cu3O7.5,62.5
2452,Yb0.45Pr0.55Ba1.7Sr0.3Cu3O6.91,15.0
2453,Yb0.45Pr0.55Ba2Cu3O6.92,18.3
2454,Yb0.4Nd0.4Pr0.2Ba2Cu3O7,56.6
2455,Yb0.55Pr0.45Ba1.7Sr0.3Cu3O6.88,41.0
2456,Yb0.5Ca0.5Sr0.7Ba1.3Cu2.6C0.4O7,78.0
2457,Yb0.5Pr0.5Ba1.7Sr0.3Cu3O6.93,30.0
2458,Yb0.5Pr0.5Ba2Cu3O6.67,38.7
2459,Yb0.5Pr0.5Ba2Cu3O6.9,34.8
2460,Yb0.65Pr0.35Ba1.7Sr0.3Cu3O6.95,55.0
2461,Yb0.6Lu0.4Ba2Cu3O6.92,89.7
2462,Yb0.6Nd0.2Pr0.2Ba2Cu3O7,70.3
2463,Yb0.6Pr0.4Ba1.7Sr0.3Cu3O6.93,46.0
2464,Yb0.6Pr0.4Ba2Cu3O6.91,50.5
2465,Yb0.75Pr0.25Ba1.7Sr0.3Cu3O6.92,71.0
2466,Yb0.75Pr0.25Ba2Cu3O7,76.1
2467,Yb0.7Ca0.3Ba1.6Sr0.4Cu3O6.56,81.35
2468,Yb0.7Ca0.3Ba1.6Sr0.4Cu3O6.73,68.05
2469,Yb0.7Ca0.3Ba1.6Sr0.4Cu3O6.78,36.56666666666667
2470,Yb0.7Lu0.3Ba2Cu3O7,89.7
2471,Yb0.7Pr0.3Ba1.7Sr0.3Cu3O6.93,63.0
2472,Yb0.7Pr0.3Ba2Cu3O6.87,67.2
2473,Yb0.7Pr0.3Ba2Cu3O6.97,73.5
2474,Yb0.7Pr0.3Ba2Cu3O7,68.0
2475,Yb0.85Pr0.15Ba1.7Sr0.3Cu3O6.91,80.0
2476,Yb0.85Pr0.15Ba2Cu3O6.97,86.5
2477,Yb0.85Pr0.15Ba2Cu3O7,87.5
2478,Yb0.8Lu0.2Ba2Cu3O6.94,89.9
2479,Yb0.8Pr0.2Ba1.7Sr0.3Cu3O6.92,76.0
2480,Yb0.8Pr0.2Ba2Cu3O6.88,79.9
2481,Yb0.8Pr0.2Ba2Cu3O6.97,82.0
2482,Yb0.8Pr0.2Ba2Cu3O7,83.225
2483,Yb0.8Sr0.2Ba2Cu3O7,68.0
2484,Yb0.925Pr0.075Ba2Cu3O6.97,89.0
2485,Yb0.92Pr0.08Ba2Cu3O7,91.2
2486,Yb0.94Pr0.06Ba2Cu3O7,91.5
2487,Yb0.95Pr0.05Ba1.7Sr0.3Cu3O6.91,81.0
2488,Yb0.95Pr0.05Ba2Cu3O6.9,89.1
2489,Yb0.96Pr0.04Ba2Cu3O7,91.6
2490,Yb0.98Pr0.02Ba2Cu3O7,91.3
2491,Yb0.995Pr0.05Ba2Cu3O6.97,89.5
2492,Yb0.9Ca0.1Ba1.6Sr0.4Cu3O6.89,62.1
2493,Yb0.9Lu0.1Ba2Cu3O7,89.5
2494,Yb0.9Pr0.1Ba1.7Sr0.3Cu3O6.9,81.0
2495,Yb0.9Pr0.1Ba2Cu3O6.92,88.0
2496,Yb0.9Pr0.1Ba2Cu3O6.97,88.5
2497,Yb0.9Pr0.1Ba2Cu3O7,89.9
2498,Yb1Ba1.6Sr0.4Cu3O6.88,80.2
2499,Yb1Ba1.7Sr0.3Cu3O6.9,81.0
2500,Yb1Ba2Cu2.7Ga0.3O7,90.0
2501,Yb1Ba2Cu2.85Ga0.15O7,90.0
2502,Yb1Ba2Cu2.8Ga0.2O7,90.0
2503,Yb1Ba2Cu2.92Zn0.08O7,70.6
2504,Yb1Ba2Cu2.943Zn0.057O6.9,64.3
2505,Yb1Ba2Cu2.94Zn0.06O7,72.1
2506,Yb1Ba2Cu2.95Ga0.05O7,90.0
2507,Yb1Ba2Cu2.96Zn0.04O7,73.9
2508,Yb1Ba2Cu2.982Zn0.018O6.9,85.1
2509,Yb1Ba2Cu2.98Zn0.02O7,83.3
2510,Yb1Ba2Cu2.99Zn0.01O7,87.8
2511,Yb1Ba2Cu2.9Ga0.1O7,90.0
2512,Yb1Ba2Cu3O6.71,87.0
2513,Yb1Ba2Cu3O6.9,92.8
2514,Yb1Ba2Cu3O6.93,89.5
2515,Yb1Ba2Cu3O6.95,88.4
2516,Yb1Ba2Cu3O6.97,88.0
2517,Yb1Ba2Cu3O7,90.7
