,material
0,Al1Sr2Ho0.4Ca0.6Cu2O7
1,Al1Sr2Ho0.5Ca0.5Cu2O7.05
2,Ba1.2Sr0.8Yb1Cu3O6.61
3,Ba1.4Sr0.6Yb1Cu3O6.66
4,Ba1.6Sr0.4Yb0.65Ca0.35Cu3O6.52
5,Ba1.6Sr0.4Yb0.65Ca0.35Cu3O6.53
6,Ba1.6Sr0.4Yb0.65Ca0.35Cu3O6.63
7,Ba1.6Sr0.4Yb0.6Ca0.4Cu3O6.61
8,Ba1.6Sr0.4Yb0.75Ca0.25Cu3O6.51
9,Ba1.6Sr0.4Yb0.75Ca0.25Cu3O6.68
10,Ba1.6Sr0.4Yb0.85Ca0.15Cu3O6.6
11,Ba1.6Sr0.4Yb0.85Ca0.15Cu3O6.83
12,Ba1.6Sr0.4Yb0.95Ca0.05Cu3O6.56
13,Ba1.6Sr0.4Yb0.95Ca0.05Cu3O6.58
14,Ba1.6Sr0.4Yb0.95Ca0.05Cu3O6.76
15,Ba1.6Sr0.4Yb0.95Ca0.05Cu3O6.8
16,Ba1.6Sr0.4Yb1Cu3O6.53
17,Ba1.6Sr0.4Yb1Cu3O6.64
18,Ba1.6Sr0.4Yb1Cu3O6.69
19,Ba1.6Sr0.4Yb1Cu3O6.75
20,Ba1.6Sr0.4Yb1Cu3O6.8
21,Ba1.6Sr0.4Yb1Cu3O6.96
22,Ba1.8Sr0.2Yb1Cu3O6.61
23,Ba1Sr1Y1Cu3O7
24,Ba2Yb1Cu3O6.66
25,Bi0.066Mo0.264Cu2.67Sr2Y1O7.32
26,Bi0.132Mo0.198Cu2.67Sr2Y1O7.2
27,Bi0.1485Mo0.1815Cu2.67Sr2Y1O7.21
28,Bi0.2Pb0.4S0.4Sr2Ca0.7Nd0.3Cu2O6.99
29,Bi0.33Hg0.67Sr2Y0.5Ca0.5Cu2O7
30,Bi0.33Hg0.67Sr2Y1Cu2O7
31,Bi0.5Pb0.25S0.25Sr2Ca0.7Nd0.3Cu2O6.97
32,Bi0.6Pb0.2S0.2Sr2Ca0.7Nd0.3Cu2O6.95
33,Bi0.8Pb0.1S0.1Sr2Ca0.7Nd0.3Cu2O6.95
34,Bi1.6Sr0.4Yb1Cu3O6.817
35,Bi1.6Sr0.4Yb1Cu3O6.999
36,Bi2Sr2Cu2O7
37,C0.47Sr2Ca0.35Y0.65Cu2.48O6.96
38,C0.48Sr2Ca0.4Y0.6Cu2.46O6.97
39,C0.51Sr2Ca0.5Y0.5Cu2.42O6.92
40,C0.53Sr1.99Ca0.56Y0.45Cu2.39O6.94
41,C0.54Sr2Ca0.6Y0.4Cu2.38O6.89
42,C0.55Sr2.03Ca0.62Y0.35Cu2.35O6.79
43,C0.57Sr2Ca0.7Y0.3Cu2.33O6.78
44,C0.5Sr2.01Ca0.44Y0.55Cu2.44O6.94
45,C1Ca3Cu2O7.1
46,Ca0.1Ba1.65La1.25Cu3O6.98
47,Ca0.1Ba1.65La1.25Cu3O7.01
48,Ca0.1Ba1.65La1.25Cu3O7.02
49,Ca0.1Ba1.65La1.25Cu3O7.03
50,Ca0.1Ba1.65La1.25Cu3O7.06
51,Ca0.1Ba1.65La1.25Cu3O7.08
52,Ca0.1La0.9Ba1.65La0.35Cu3O7.15
53,Ca0.1La1.15Ba1.75Cu3O7.148
54,Ca0.1La1.25Ba1.65Cu3O6.985
55,Ca0.1La1.25Ba1.65Cu3O7.06
56,Ca0.2Ba1.55La1.25Cu3O6.98
57,Ca0.2Ba1.55La1.25Cu3O6.99
58,Ca0.2Ba1.55La1.25Cu3O7.01
59,Ca0.2Ba1.55La1.25Cu3O7.03
60,Ca0.2Ba1.55La1.25Cu3O7.05
61,Ca0.2Ba1.55La1.25Cu3O7.07
62,Ca0.2Ba1.55La1.25Cu3O7.11
63,Ca0.2Ba1.55La1.25Cu3O7.159
64,Ca0.2La0.8Ba1.55La0.45Cu3O7.16
65,Ca0.3Ba1.45La1.25Cu3O6.96
66,Ca0.3Ba1.45La1.25Cu3O7
67,Ca0.3Ba1.45La1.25Cu3O7.05
68,Ca0.3Ba1.45La1.25Cu3O7.11
69,Ca0.3Ba1.45La1.25Cu3O7.12
70,Ca0.3Ba1.45La1.25Cu3O7.172
71,Ca0.3La0.7Ba1.45La0.55Cu3O7.16
72,Ca0.3Nd0.7Ba1La1Cu3O7.24
73,Ca0.4Ba1.15La1.45Cu3O7.12
74,Ca0.4Ba1.15La1.45Cu3O7.21
75,Ca0.4Ba1.15La1.45Cu3O7.23
76,Ca0.4Ba1.25La1.25Cu3O6.98
77,Ca0.4Ba1.25La1.25Cu3O7.05
78,Ca0.4Ba1.25La1.25Cu3O7.14
79,Ca0.4Ba1.25La1.35Cu3O7.04
80,Ca0.4Ba1.25La1.35Cu3O7.11
81,Ca0.4Ba1.25La1.35Cu3O7.16
82,Ca0.4Ba1.25La1.35Cu3O7.19
83,Ca0.4Ba1.35La1.25Cu3O6.9
84,Ca0.4Ba1.35La1.25Cu3O6.92
85,Ca0.4Ba1.35La1.25Cu3O6.95
86,Ca0.4Ba1.35La1.25Cu3O7.08
87,Ca0.4Ba1.35La1.25Cu3O7.15
88,Ca0.4La0.6Ba1.35La0.65Cu3O7.15
89,Ca0.4La1.25Ba1.35Cu3O6.99
90,Ca0.4La1.25Ba1.35Cu3O7.055
91,Ca0.4La1.25Ba1.35Cu3O7.135
92,Ca0.4Nd0.6Ba1La1Cu3O7.19
93,Ca0.5Nd0.5Ba1La1Cu3O7.17
94,Ca0.6Nd0.4Ba1La1Cu3O7.1
95,Ca0.7Nd0.3Ba1La1Cu3O7.04
96,Ca0.85Ce0.15Ba1La1Cu3O7.07
97,Ca0.8Nd0.2Ba1La1Cu3O6.99
98,Ca0.95Ce0.05Ba1La1Cu3O6.91
99,Ca0.9Ce0.1Ba1La1Cu3O7.02
100,Ca0.9Nd0.1Ba1La1Cu3O6.87
101,Ca1Ba1Dy1Cu3O7
102,Ca1Ba1Er1Cu3O7
103,Ca1Ba1Eu1Cu3O7
104,Ca1Ba1Gd1Cu3O7
105,Ca1Ba1Ho1Cu3O7
106,Ca1Ba1La0.2Nd0.8Cu3O7
107,Ca1Ba1La0.2Sm0.8Cu3O7
108,Ca1Ba1La0.4Eu0.6Cu3O7
109,Ca1Ba1La0.4Nd0.6Cu3O7
110,Ca1Ba1La0.4Sm0.6Cu3O7
111,Ca1Ba1La0.6Eu0.4Cu3O7
112,Ca1Ba1La0.6Nd0.4Cu3O7
113,Ca1Ba1La0.6Sm0.4Cu3O7
114,Ca1Ba1La0.8Eu0.2Cu3O7
115,Ca1Ba1La0.8Nd0.2Cu3O7
116,Ca1Ba1La0.8Sm0.2Cu3O7
117,Ca1Ba1La1Cu3O6.85
118,Ca1Ba1La1Cu3O6.97
119,Ca1Ba1La1Cu3O7
120,Ca1Ba1Nd1Cu3O7
121,Ca1Ba1Sm1Cu3O7
122,Ca1Ba1Tm1Cu3O7
123,Ca1La1Ba1Cu2.76Fe0.24O7
124,Ca1La1Ba1Cu2.85Zn0.045O7
125,Ca1La1Ba1Cu2.88Fe0.12O7
126,Ca1La1Ba1Cu2.88Zn0.12O7
127,Ca1La1Ba1Cu2.8P0.2O7
128,Ca1La1Ba1Cu2.91Zn0.09O7
129,Ca1La1Ba1Cu2.94Fe0.06O7
130,Ca1La1Ba1Cu2.97Fe0.03O7
131,Ca1La1Ba1Cu2.97Zn0.03O7
132,Ca1La1Ba1Cu3O7
133,Cd0.67Bi0.23Pb0.1Sr2Y1Cu2O7
134,Co1Sr2Y0.55Ca0.45Cu2O7
135,Co1Sr2Y0.5Ca0.5Cu2O7
136,Co1Sr2Y0.65Ca0.35Cu2O7
137,Co1Sr2Y0.6Ca0.4Cu2O7
138,Co1Sr2Y0.75Ca0.25Cu2O7
139,Co1Sr2Y0.7Ca0.3Cu2O7
140,Co1Sr2Y0.8Ca0.2Cu2O7
141,Co1Sr2Y0.9Ca0.1Cu2O7
142,Cu0.25C0.75Ca3Cu2O6.85
143,Cu0.5C0.5Ca3Cu2O6.6
144,Cu0.5C0.5Sr2Ca1Cu2O7
145,Cu0.85Re0.15Sr2Y1Cu2O7.3
146,Cu0.8Mo0.2Sr2Y1Cu2O7.3
147,Cu0.8W0.2Sr2Y1Cu2O7.3
148,Cu2.5Sr2Ca1Cr0.5O7.5
149,Dy0.5Ca0.5Sr0.7Ba1.3Cu2.6C0.4O7
150,Dy0.5Pr0.5Ba2Cu3O6.85
151,Dy0.5Pr0.5Ba2Cu3O6.9
152,Dy0.6Pr0.4Ba2Cu3O6.9
153,Dy0.7Pr0.3Ba2Cu3O6.9
154,Dy0.85Pr0.15Ba2Cu3O6.9
155,Dy0.8Ca0.2Ba2Cu2.7Zn0.3O6.78
156,Dy0.8Pr0.2Ba2Cu3O7
157,Dy0.95Pr0.05Ba2Cu3O6.9
158,Dy0.9Ca0.1Ba2Cu2.7Zn0.3O6.72
159,Dy1Ba1.2Sr0.8Cu3O6.9
160,Dy1Ba1.4Sr0.6Cu3O6.91
161,Dy1Ba1.5Sr0.5Cu3O6.9
162,Dy1Ba1.5Sr0.5Cu3O7
163,Dy1Ba1.6Sr0.4Cu3O6.89
164,Dy1Ba1.8Sr0.2Cu3O6.89
165,Dy1Ba1Sr1Cu3O6.6
166,Dy1Ba1Sr1Cu3O6.7
167,Dy1Ba1Sr1Cu3O6.89
168,Dy1Ba1Sr1Cu3O6.9
169,Dy1Ba1Sr1Cu3O6.93
170,Dy1Ba1Sr1Cu3O6.94
171,Dy1Ba1Sr1Cu3O7
172,Dy1Ba2Cu2.6Ni0.4O6.83
173,Dy1Ba2Cu2.7Fe0.3O6.96
174,Dy1Ba2Cu2.7Ga0.3O6.77
175,Dy1Ba2Cu2.7Ni0.3O7
176,Dy1Ba2Cu2.85Zn0.15O7
177,Dy1Ba2Cu2.8Fe0.2O6.93
178,Dy1Ba2Cu2.8Ga0.2O6.78
179,Dy1Ba2Cu2.8Ni0.2O6.83
180,Dy1Ba2Cu2.8Zn0.2O6.95
181,Dy1Ba2Cu2.92Fe0.08O7
182,Dy1Ba2Cu2.92Ni0.08O7
183,Dy1Ba2Cu2.92Zn0.08O7
184,Dy1Ba2Cu2.94Fe0.06O6.88
185,Dy1Ba2Cu2.94Ni0.06O6.72
186,Dy1Ba2Cu2.94Zn0.06O6.9
187,Dy1Ba2Cu2.94Zn0.06O7
188,Dy1Ba2Cu2.95Ga0.05O6.69
189,Dy1Ba2Cu2.96Fe0.04O6.89
190,Dy1Ba2Cu2.96Ni0.04O6.73
191,Dy1Ba2Cu2.96Zn0.04O6.9
192,Dy1Ba2Cu2.96Zn0.04O7
193,Dy1Ba2Cu2.98Fe0.02O6.88
194,Dy1Ba2Cu2.98Ni0.02O6.72
195,Dy1Ba2Cu2.98Zn0.02O6.87
196,Dy1Ba2Cu2.98Zn0.02O7
197,Dy1Ba2Cu2.99Zn0.01O7
198,Dy1Ba2Cu2.9Fe0.1O6.84
199,Dy1Ba2Cu2.9Ga0.1O6.7
200,Dy1Ba2Cu2.9Ni0.1O6.74
201,Dy1Ba2Cu2.9Zn0.1O6.96
202,Dy1Ba2Cu2.9Zn0.1O7
203,Dy1Ba2Cu3O6.68
204,Dy1Ba2Cu3O6.75
205,Dy1Ba2Cu3O6.79
206,Dy1Ba2Cu3O6.82
207,Dy1Ba2Cu3O6.84
208,Dy1Ba2Cu3O6.879
209,Dy1Ba2Cu3O6.9
210,Dy1Ba2Cu3O6.94
211,Dy1Ba2Cu3O7
212,Er0.25Yb0.75Ba2Cu3O7
213,Er0.37Yb0.63Ba2Cu3O7
214,Er0.45Ca0.4Hf0.15Ba2Cu3O7.1
215,Er0.4Eu0.3Pr0.3Ba2Cu3O7
216,Er0.52Ca0.48Ba1.4Sr0.6Cu2.76Co0.24O6.77
217,Er0.55Ca0.3Hf0.15Ba2Cu3O7.05
218,Er0.5Ca0.5Sr0.7Ba1.3Cu2.6C0.4O7
219,Er0.5Eu0.2Pr0.3Ba2Cu3O7
220,Er0.5Pr0.2Ca0.3Ba2Cu3O7
221,Er0.5Pr0.5Ba2Cu3O6.82
222,Er0.5Pr0.5Ba2Cu3O7
223,Er0.5Y0.5Ba2Cu3O7
224,Er0.5Yb0.5Ba2Cu3O7
225,Er0.62Yb0.38Ba2Cu3O7
226,Er0.64Ca0.36Ba1.4Sr0.6Cu2.76Co0.24O6.8
227,Er0.65Ca0.2Hf0.15Ba2Cu3O6.83
228,Er0.6Ca0.25Hf0.15Ba2Cu3O7.02
229,Er0.6Pr0.2Ca0.2Ba2Cu3O7
230,Er0.6Pr0.4Ba2Cu3O7
231,Er0.75Ca0.1Hf0.15Ba2Cu3O6.796
232,Er0.75Ca0.25Ba2Cu3O6.88
233,Er0.75Pr0.2Ca0.05Ba2Cu3O7
234,Er0.75Yb0.25Ba2Cu3O7
235,Er0.76Ca0.24Ba1.4Sr0.6Cu2.76Co0.24O6.84
236,Er0.76Ca0.24Ba1.6Sr0.4Cu2.76Co0.24O6.88
237,Er0.76Ca0.24Ba1.8Sr0.2Cu2.76Co0.24O6.91
238,Er0.76Ca0.24Ba2Cu2.76Co0.24O6.92
239,Er0.7Ca0.15Hf0.15Ba2Cu3O6.821
240,Er0.7Ca0.3Ba2Cu3O6.83
241,Er0.7Pr0.1Ca0.2Ba2Cu3O7
242,Er0.7Pr0.2Ca0.1Ba2Cu3O7
243,Er0.7Pr0.3Ba2Cu3O7
244,Er0.82Ca0.18Ba2Cu2.82Co0.18O6.71
245,Er0.85Ca0.15Ba2Cu3O6.93
246,Er0.85Hf0.15Ba2Cu3O6.813
247,Er0.85Pr0.15Ba2Cu3O7
248,Er0.85Pr0.1Ca0.05Ba2Cu3O7
249,Er0.88Ca0.12Ba2Cu2.82Co0.18O6.93
250,Er0.8Ca0.05Hf0.15Ba2Cu3O6.706
251,Er0.8Ca0.2Ba2Cu3O6.91
252,Er0.8Hf0.2Ba2Cu3O6.772
253,Er0.8Pr0.1Ca0.1Ba2Cu3O7
254,Er0.8Pr0.2Ba2Cu3O7
255,Er0.924Pr0.076Ba2Cu3O7
256,Er0.94Ca0.04Ba2Cu2.82Co0.18O6.76
257,Er0.94Ca0.06Ba2Cu2.82Co0.18O6.76
258,Er0.95Ca0.05Ba2Cu3O6.935
259,Er0.95Hf0.05Ba2Cu3O6.938
260,Er0.97Pr0.03Ba2Cu3O7
261,Er0.9Ca0.1Ba2Cu3O6.93
262,Er0.9Hf0.1Ba2Cu3O6.862
263,Er0.9Pr0.1Ba2Cu3O7
264,Er1Ba1Sr1Cu3O6.94
265,Er1Ba2Cu2.64Zn0.18Fe0.18O6.95
266,Er1Ba2Cu2.67Zn0.24Fe0.09O6.94
267,Er1Ba2Cu2.73Zn0.18Fe0.09O6.94
268,Er1Ba2Cu2.73Zn0.24Fe0.03O6.92
269,Er1Ba2Cu2.76Co0.24O6.75
270,Er1Ba2Cu2.76Zn0.06Fe0.18O6.97
271,Er1Ba2Cu2.76Zn0.24O6.89
272,Er1Ba2Cu2.78Zn0.18Fe0.03O6.93
273,Er1Ba2Cu2.79Zn0.03Fe0.18O6.97
274,Er1Ba2Cu2.79Zn0.12Fe0.09O6.95
275,Er1Ba2Cu2.7Ga0.3O7
276,Er1Ba2Cu2.7Zn0.12Fe0.18O6.95
277,Er1Ba2Cu2.7Zn0.3O6.86
278,Er1Ba2Cu2.82Co0.18O6.74
279,Er1Ba2Cu2.82Fe0.18O6.97
280,Er1Ba2Cu2.82Ni0.18O7
281,Er1Ba2Cu2.82Zn0.18O6.91
282,Er1Ba2Cu2.85Co0.15O7
283,Er1Ba2Cu2.85Fe0.15O7
284,Er1Ba2Cu2.85Ga0.15O6.69
285,Er1Ba2Cu2.85Ga0.15O7
286,Er1Ba2Cu2.85Ni0.15O7
287,Er1Ba2Cu2.85Zn0.06Fe0.09O6.96
288,Er1Ba2Cu2.85Zn0.12Fe0.03O6.94
289,Er1Ba2Cu2.85Zn0.15O7
290,Er1Ba2Cu2.88Co0.12O6.78
291,Er1Ba2Cu2.88Zn0.03Fe0.09O6.95
292,Er1Ba2Cu2.88Zn0.12O6.92
293,Er1Ba2Cu2.8Ga0.2O7
294,Er1Ba2Cu2.91Fe0.09O6.96
295,Er1Ba2Cu2.91Zn0.06Fe0.03O6.93
296,Er1Ba2Cu2.92Zn0.08O7
297,Er1Ba2Cu2.94Co0.06O6.8
298,Er1Ba2Cu2.94Zn0.03Fe0.03O6.94
299,Er1Ba2Cu2.94Zn0.06O6.92
300,Er1Ba2Cu2.94Zn0.06O7
301,Er1Ba2Cu2.95Ga0.05O6.75
302,Er1Ba2Cu2.96Zn0.04O7
303,Er1Ba2Cu2.97Fe0.03O6.94
304,Er1Ba2Cu2.97Zn0.03O6.93
305,Er1Ba2Cu2.985Co0.015O7
306,Er1Ba2Cu2.985Fe0.015O7
307,Er1Ba2Cu2.985Ga0.015O7
308,Er1Ba2Cu2.985Ni0.015O7
309,Er1Ba2Cu2.98Zn0.02O7
310,Er1Ba2Cu2.99Zn0.01O7
311,Er1Ba2Cu2.9Ga0.1O6.78
312,Er1Ba2Cu2.9Zn0.1O7
313,Er1Ba2Cu3O6.53
314,Er1Ba2Cu3O6.6
315,Er1Ba2Cu3O6.64
316,Er1Ba2Cu3O6.67
317,Er1Ba2Cu3O6.78
318,Er1Ba2Cu3O6.82
319,Er1Ba2Cu3O6.85
320,Er1Ba2Cu3O6.87
321,Er1Ba2Cu3O6.91
322,Er1Ba2Cu3O6.92
323,Er1Ba2Cu3O6.93
324,Er1Ba2Cu3O6.935
325,Er1Ba2Cu3O6.94
326,Er1Ba2Cu3O6.953
327,Er1Ba2Cu3O7
328,Eu0.2Pr0.3Ca0.5Ba2Cu3O7
329,Eu0.5Pr0.5Ba2Cu3O7
330,Eu0.5Sr0.5Ba1.6Pr0.1Cu3O7.07
331,Eu0.65Pr0.35Ba2Cu3O7
332,Eu0.6Pr0.4Ba1.5Sr0.5Cu3O6.89
333,Eu0.6Pr0.4Ba1.6Sr0.4Cu3O7
334,Eu0.6Pr0.4Ba1.7Sr0.3Cu3O6.93
335,Eu0.6Pr0.4Ba2Cu3O6.97
336,Eu0.6Pr0.4Ba2Cu3O7
337,Eu0.6Sr0.4Ba1.6Pr0.1Cu3O7.06
338,Eu0.7Pr0.3Ba2Cu3O6.66
339,Eu0.7Pr0.3Ba2Cu3O6.95
340,Eu0.7Pr0.3Ba2Cu3O7
341,Eu0.7Sr0.3Ba1.6Pr0.1Cu3O6.91
342,Eu0.8Pr0.2Ba2Cu3O6.7
343,Eu0.8Pr0.2Ba2Cu3O6.97
344,Eu0.8Pr0.2Ba2Cu3O7
345,Eu0.9Pr0.1Ba2Cu3O6.78
346,Eu0.9Pr0.1Ba2Cu3O6.95
347,Eu0.9Pr0.1Ba2Cu3O7
348,Eu1.1Ba1.9Cu3O7.07
349,Eu1.2Ba1.8Cu3O7.18
350,Eu1.3Ba1.7Cu3O7.15
351,Eu1.4Ba1.6Cu3O7.16
352,Eu1Ba1.2Pr0.3Sr0.5Cu3O6.89
353,Eu1Ba1.3Pr0.3Sr0.4Cu3O7
354,Eu1Ba1.4Pr0.3Sr0.3Cu3O6.92
355,Eu1Ba1.5Pr0.3Sr0.2Cu3O6.81
356,Eu1Ba1.5Sr0.5Cu3O7
357,Eu1Ba1.8Pr0.2Cu3O6.69
358,Eu1Ba1.93Cu2.92O7
359,Eu1Ba1.9Pr0.1Cu3O6.75
360,Eu1Ba1Sr0.7Ca0.3Cu3O6.95
361,Eu1Ba1Sr0.8Ca0.2Cu3O6.95
362,Eu1Ba1Sr0.9Ca0.1Cu3O6.95
363,Eu1Ba1Sr1Cu3O6.94
364,Eu1Ba1Sr1Cu3O6.95
365,Eu1Ba2Cu2.7Co0.3O6.95
366,Eu1Ba2Cu2.85Ga0.15O6.76
367,Eu1Ba2Cu2.85Zn0.15O7
368,Eu1Ba2Cu2.8Co0.2O6.98
369,Eu1Ba2Cu2.8Ga0.2O6.63
370,Eu1Ba2Cu2.92Zn0.08O7
371,Eu1Ba2Cu2.94Zn0.06O7
372,Eu1Ba2Cu2.95Ga0.05O6.78
373,Eu1Ba2Cu2.96Zn0.04O7
374,Eu1Ba2Cu2.98Zn0.02O7
375,Eu1Ba2Cu2.99Zn0.01O7
376,Eu1Ba2Cu2.9Co0.1O6.97
377,Eu1Ba2Cu2.9Ga0.1O6.74
378,Eu1Ba2Cu2.9Zn0.1O7
379,Eu1Ba2Cu3O6.5
380,Eu1Ba2Cu3O6.76
381,Eu1Ba2Cu3O6.82
382,Eu1Ba2Cu3O6.88
383,Eu1Ba2Cu3O6.9
384,Eu1Ba2Cu3O6.94
385,Eu1Ba2Cu3O6.97
386,Eu1Ba2Cu3O7
387,Eu1Ba2Cu3O7.01
388,Eu1Ba2Cu3O7.1
389,Eu1Ba2Cu3S1O6
390,Fe0.1Ba1Sr1Y1Cu2.9O7
391,Fe0.2Ba1Sr1Y1Cu2.8O7
392,Fe0.3Ba1Sr1Y1Cu2.7O7
393,Fe0.5Ba1Sr1Dy1Cu2.5O7.447
394,Fe0.5Ba1Sr1Er1Cu2.5O7.439
395,Fe0.5Ba1Sr1Ho1Cu2.5O7.462
396,Fe0.5Ba1Sr1Tm1Cu2.5O7.432
397,Fe0.5Ba1Sr1Y1Cu2.5O7.35
398,Fe0.5Ba1Sr1Y1Cu2.5O7.424
399,Fe0.5Ba1Sr1Yb1Cu2.5O7.432
400,Fe0.5Ba2Er1Cu2.5O7.46
401,Fe0.5Ba2Gd1Cu2.5O7.45
402,Fe0.5Ba2Ho1Cu2.5O7.49
403,Fe0.5Ba2Tm1Cu2.5O7.43
404,Fe0.5Ba2Y1Cu2.5O7
405,Fe0.5Ba2Y1Cu2.5O7.41
406,Fe0.5Ba2Yb1Cu2.5O7.45
407,Fe0.5Sr1Ba1Y1Cu2.5O7
408,Fe0.5Sr2Y1Cu2.5O7
409,Fe1Sr2Er1Cu2O7.5
410,Ga0.4Cd0.6Sr2Y0.7Ca0.3Cu2O7
411,Ga0.5Cd0.5Sr2Y0.7Ca0.3Cu2O7
412,Ga0.65Cd0.35Sr2Y0.7Ca0.3Cu2O7
413,Ga0.65Cd0.4Sr2Y1Cu2O7
414,Ga0.65Cd0.5Sr2Y1Cu2O7
415,Ga0.65Cd0.6Sr2Y1Cu2O7
416,Ga0.65Sr2Y0.7Ca0.3Cu2O7
417,Ga0.6Cd0.4Sr2Y0.7Ca0.3Cu2O7
418,Ga0.75Cd0.25Sr2Y0.7Ca0.3Cu2O7
419,Ga0.7Cd0.3Sr2Y0.7Ca0.3Cu2O7
420,Ga0.85Cd0.15Sr2Y0.7Ca0.3Cu2O7
421,Ga0.8Cd0.2Sr2Y0.7Ca0.3Cu2O7
422,Ga0.8Sr2Y0.6Ca0.4Cu2.2O7
423,Ga0.95Cd0.05Sr2Y0.7Ca0.3Cu2O7
424,Ga0.9Cd0.1Sr2Y0.7Ca0.3Cu2O7
425,Ga0.9Sr2Y0.6Ca0.4Cu2.1O7
426,Ga1Sr2Tm0.65Ca0.35Cu2O7
427,Ga1Sr2Tm0.6Ca0.4Cu2O7
428,Ga1Sr2Tm0.75Ca0.25Cu2O7
429,Ga1Sr2Tm0.7Ca0.3Cu2O7
430,Ga1Sr2Y0.5Ca0.5Cu2O7
431,Ga1Sr2Y0.6Ca0.4Cu2O7
432,Ga1Sr2Y0.7Ca0.3Cu2O7
433,Ga1Sr2Y0.8Ca0.2Cu2O7
434,Gd0.2Pr0.3Ca0.5Ba2Cu3O7
435,Gd0.45Ca0.4Hf0.15Ba2Cu3O7.08
436,Gd0.45Ca0.4Mo0.15Ba2Cu3O6.537
437,Gd0.55Ca0.35Hf0.15Ba2Cu3O7.06
438,Gd0.55Ca0.3Mo0.15Ba2Cu3O6.626
439,Gd0.5Ca0.35Mo0.15Ba2Cu3O6.586
440,Gd0.5Ca0.5Sr0.7Ba1.3Cu2.6C0.4O7
441,Gd0.65Ca0.2Hf0.15Ba2Cu3O6.96
442,Gd0.65Ca0.2Mo0.15Ba2Cu3O6.818
443,Gd0.65Pr0.15Ca0.2Ba2Cu3O7
444,Gd0.65Pr0.1Ca0.25Ba2Cu3O7
445,Gd0.65Pr0.35Ba2Cu3O7
446,Gd0.6Ca0.25Hf0.15Ba2Cu3O7
447,Gd0.6Ca0.25Mo0.15Ba2Cu3O6.761
448,Gd0.6Pr0.15Ca0.25Ba2Cu3O7
449,Gd0.6Pr0.4Ba2Cu3O6.95
450,Gd0.6Pr0.4Ba2Cu3O7
451,Gd0.75Ca0.1Hf0.15Ba2Cu3O6.89
452,Gd0.75Ca0.1Mo0.15Ba2Cu3O6.671
453,Gd0.75Pr0.15Ca0.1Ba2Cu3O7
454,Gd0.75Pr0.1Ca0.15Ba2Cu3O7
455,Gd0.75Pr0.25Ba2Cu3O7
456,Gd0.7Ca0.15Hf0.15Ba2Cu3O6.93
457,Gd0.7Ca0.15Mo0.15Ba2Cu3O6.716
458,Gd0.7Pr0.15Ca0.15Ba2Cu3O7
459,Gd0.7Pr0.1Ca0.2Ba2Cu3O7
460,Gd0.7Pr0.2Ca0.1Ba2Cu3O7
461,Gd0.7Pr0.3Ba2Cu3O6.95
462,Gd0.7Pr0.3Ba2Cu3O7
463,Gd0.85Ca0.15Ba2Cu3O7
464,Gd0.85Hf0.15Ba2Cu3O6.84
465,Gd0.85Mo0.15Ba2Cu3O6.855
466,Gd0.85Pr0.15Ba2Cu3O7
467,Gd0.85Pr0.1Ca0.05Ba2Cu3O7
468,Gd0.8Ba1.8Cu3O7
469,Gd0.8Ca0.05Hf0.15Ba2Cu3O6.86
470,Gd0.8Ca0.05Mo0.15Ba2Cu3O6.651
471,Gd0.8Ca0.2Ba2Cu3O7
472,Gd0.8Hf0.2Ba2Cu3O6.79
473,Gd0.8Mo0.2Ba2Cu3O6.807
474,Gd0.8Pr0.15Ca0.05Ba2Cu3O7
475,Gd0.8Pr0.1Ca0.1Ba2Cu3O7
476,Gd0.8Pr0.2Ba2Cu3O6.95
477,Gd0.8Pr0.2Ba2Cu3O7
478,Gd0.922Pr0.078Ba2Cu3O7
479,Gd0.93Ca0.07Ba1Sr1Cu3O6.8804
480,Gd0.95Ca0.05Ba2Cu3O7
481,Gd0.95Hf0.05Ba2Cu3O6.91
482,Gd0.95Mo0.05Ba2Cu3O6.948
483,Gd0.95Pr0.05Ba2Cu2.94Fe0.06O7
484,Gd0.95Pr0.05Ba2Cu2.94Mn0.06O7
485,Gd0.95Pr0.05Ba2Cu2.94Ni0.06O7
486,Gd0.95Pr0.05Ba2Cu2.94Zn0.06O7
487,Gd0.95Pr0.05Ba2Cu3O7
488,Gd0.96Ca0.04Ba1Sr1Cu3O6.9138
489,Gd0.97Pr0.03Ba2Cu3O7
490,Gd0.98Ca0.02Ba2Cu3O7
491,Gd0.99Ca0.01Ba1Sr1Cu3O6.9198
492,Gd0.9Ca0.1Ba1Sr1Cu3O6.8754
493,Gd0.9Ca0.1Ba2Cu3O7
494,Gd0.9Hf0.1Ba2Cu3O6.88
495,Gd0.9Mo0.1Ba2Cu3O6.907
496,Gd0.9Pr0.1Ba2Cu3O6.95
497,Gd0.9Pr0.1Ba2Cu3O7
498,Gd1.05Ba1.95Cu3O6.94
499,Gd1.15Ba1.85Cu3O6.99
500,Gd1.1Ba1.9Cu3O7
501,Gd1.25Ba1.75Cu3O6.98
502,Gd1.2Ba1.8Cu3O7.03
503,Gd1Ba1.5Sr0.5Cu3O6.63
504,Gd1Ba1.5Sr0.5Cu3O6.72
505,Gd1Ba1.5Sr0.5Cu3O6.73
506,Gd1Ba1.5Sr0.5Cu3O6.93
507,Gd1Ba1.5Sr0.5Cu3O7
508,Gd1Ba1.65Pr0.35Cu3O6.97
509,Gd1Ba1.75Pr0.25Cu3O7.06
510,Gd1Ba1.7Pr0.3Cu3O7.06
511,Gd1Ba1.85Pr0.15Cu3O7.09
512,Gd1Ba1.8Pr0.2Cu3O7.01
513,Gd1Ba1.95Pr0.05Cu3O7.03
514,Gd1Ba1.9Pr0.1Cu3O7.03
515,Gd1Ba1Sr1Cu3O6.77
516,Gd1Ba1Sr1Cu3O6.93
517,Gd1Ba1Sr1Cu3O6.9371
518,Gd1Ba1Sr1Cu3O6.94
519,Gd1Ba1Sr1Cu3O7
520,Gd1Ba2Cu2.64Fe0.36O6.99
521,Gd1Ba2Cu2.64Fe0.36O7
522,Gd1Ba2Cu2.67Fe0.33O7
523,Gd1Ba2Cu2.73Fe0.27O6.98
524,Gd1Ba2Cu2.73Fe0.27O7
525,Gd1Ba2Cu2.76Fe0.24O7
526,Gd1Ba2Cu2.775Fe0.225O7
527,Gd1Ba2Cu2.7Co0.3O6.9
528,Gd1Ba2Cu2.7Co0.3O7
529,Gd1Ba2Cu2.7Fe0.3O6.9
530,Gd1Ba2Cu2.7Fe0.3O7
531,Gd1Ba2Cu2.7Ga0.3O7
532,Gd1Ba2Cu2.7Ni0.3O7
533,Gd1Ba2Cu2.82Fe0.18O6.91
534,Gd1Ba2Cu2.82Fe0.18O7
535,Gd1Ba2Cu2.85Fe0.15O7
536,Gd1Ba2Cu2.85Zn0.15O7
537,Gd1Ba2Cu2.8Co0.2O7
538,Gd1Ba2Cu2.8Fe0.2O7
539,Gd1Ba2Cu2.8Ni0.2O7
540,Gd1Ba2Cu2.91Fe0.09O6.94
541,Gd1Ba2Cu2.925Fe0.075O7
542,Gd1Ba2Cu2.92Zn0.08O7
543,Gd1Ba2Cu2.94Fe0.06O7
544,Gd1Ba2Cu2.94Zn0.06O7
545,Gd1Ba2Cu2.96Zn0.04O7
546,Gd1Ba2Cu2.97Fe0.03O7
547,Gd1Ba2Cu2.98Zn0.02O7
548,Gd1Ba2Cu2.99Zn0.01O7
549,Gd1Ba2Cu2.9Co0.1O7
550,Gd1Ba2Cu2.9Fe0.1O7
551,Gd1Ba2Cu2.9Ga0.1O7
552,Gd1Ba2Cu2.9Ni0.1O7
553,Gd1Ba2Cu2.9Zn0.1O7
554,Gd1Ba2Cu3H0.12O6.89
555,Gd1Ba2Cu3H0.43O6.89
556,Gd1Ba2Cu3O6.758
557,Gd1Ba2Cu3O6.8
558,Gd1Ba2Cu3O6.89
559,Gd1Ba2Cu3O6.9
560,Gd1Ba2Cu3O6.94
561,Gd1Ba2Cu3O6.95
562,Gd1Ba2Cu3O6.969
563,Gd1Ba2Cu3O6.98
564,Gd1Ba2Cu3O6.99
565,Gd1Ba2Cu3O7
566,Gd1Ba2Cu3O7.08
567,Gd1Ba2Cu3S1O6
568,Gd1Sr2Cu2.7Mo0.3O7
569,Hg0.4Ce0.6Sr2.5Ca0.1Nd0.5Cu2.1O7
570,Hg0.4Ce0.6Sr2.5Ca0.2Nd0.2Cu2.1O7
571,Hg0.4Ce0.6Sr2.5Ca0.4Cu2.1O7
572,Hg0.4Pr1.1Sr2Ca0.5Cu2O6.9
573,Hg0.5Fe0.5Sr2Y0.2Ca0.8Cu2O6.63
574,Hg0.5Fe0.5Sr2Y0.3Ca0.7Cu2O6.65
575,Hg0.5Fe0.5Sr2Y0.4Ca0.6Cu2O6.67
576,Hg0.5Fe0.5Sr2Y0.5Ca0.5Cu2O6.68
577,Hg0.5Fe0.5Sr2Y0.6Ca0.4Cu2O6.7
578,Hg0.5Fe0.5Sr2Y0.7Ca0.3Cu2O6.7
579,Hg0.5Fe0.5Sr2Y0.8Ca0.2Cu2O6.72
580,Hg0.65V0.35Sr2Ca0.55Nd0.45Cu2O6.8
581,Hg1Ba2Ca1Cu2FO6
582,Ho0.43Pr0.57Ba2Cu3O7
583,Ho0.45Pr0.55Ba2Cu3O7
584,Ho0.48Pr0.52Ba2Cu3O7
585,Ho0.55Pr0.45Ba2Cu3O7
586,Ho0.5Ca0.5Sr0.7Ba1.3Cu2.6C0.4O7
587,Ho0.5Pr0.5Ba2Cu3O6.67
588,Ho0.5Pr0.5Ba2Cu3O7
589,Ho0.65Pr0.35Ba2Cu3O7
590,Ho0.6Pr0.4Ba2Cu3O7
591,Ho0.75Pr0.25Ba2Cu3O7
592,Ho0.7Pr0.3Ba2Cu3O7
593,Ho0.85Pr0.15Ba2Cu3O7
594,Ho0.8Pr0.2Ba2Cu3O7
595,Ho0.95Pr0.05Ba2Cu3O7
596,Ho0.9Ca0.1Ba2Cu3O7
597,Ho0.9Pr0.1Ba2Cu3O7
598,Ho1Ba1.5Sr0.5Cu3O7
599,Ho1Ba1Sr1Cu3O6.94
600,Ho1Ba2Cu2.55Ni0.45O7
601,Ho1Ba2Cu2.775Fe0.225O7
602,Ho1Ba2Cu2.775Ni0.225O7
603,Ho1Ba2Cu2.7Fe0.3O7
604,Ho1Ba2Cu2.7Ni0.3O7
605,Ho1Ba2Cu2.85Fe0.15O7
606,Ho1Ba2Cu2.925Fe0.075O7
607,Ho1Ba2Cu2.925Ni0.075O7
608,Ho1Ba2Cu2.94O6.94
609,Ho1Ba2Cu3O6.71
610,Ho1Ba2Cu3O6.87
611,Ho1Ba2Cu3O6.9
612,Ho1Ba2Cu3O6.96
613,Ho1Ba2Cu3O7
614,In0.2Pb0.55Sr2Ca0.5Y0.5Cu2.25O7
615,La0.25Dy0.75Ba1Ca1Cu3O7
616,La0.25Sm0.75Ba1Ca1Cu3O7
617,La0.2Pr0.3Ca0.5Ba2Cu3O7
618,La0.4Pr0.4Ba1Ca1Cu3O7
619,La0.55Ca0.15Pr0.3Ba1.5Sr0.5Cu3O6.851
620,La0.5Ca0.2Pr0.3Ba1.5Sr0.5Cu3O6.829
621,La0.5Dy0.5Ba1Ca1Cu3O7
622,La0.5Pr0.5Ba2Cu3O7
623,La0.5Sm0.5Ba1Ca1Cu3O7
624,La0.65Ca0.05Pr0.3Ba1.5Sr0.5Cu3O6.896
625,La0.65Ca0.15Pr0.2Ba1.5Sr0.5Cu3O6.84
626,La0.6Ca0.1Pr0.3Ba1.5Sr0.5Cu3O6.872
627,La0.6Ca0.2Pr0.2Ba1.5Sr0.5Cu3O6.809
628,La0.6Pr0.4Ba2Cu3O7
629,La0.6Pr0.6Ba1Ca1Cu3O7
630,La0.75Ca0.05Pr0.2Ba1.5Sr0.5Cu3O6.886
631,La0.75Ca0.15Pr0.1Ba1.5Sr0.5Cu3O6.845
632,La0.75Dy0.25Ba1Ca1Cu3O7
633,La0.75Nd0.25Ba1Ca1Cu3O7
634,La0.75Sm0.25Ba1Ca1Cu3O7
635,La0.7Ca0.1Pr0.2Ba1.5Sr0.5Cu3O6.862
636,La0.7Ca0.2Pr0.1Ba1.5Sr0.5Cu3O6.809
637,La0.7Pr0.3Ba2Cu3O7
638,La0.7Pr0.3Ca1Ba1Cu3O7
639,La0.85Ca0.05Pr0.1Ba1.5Sr0.5Cu3O6.865
640,La0.85Ca0.15Ba1.5Sr0.5Cu3O6.819
641,La0.8Ca0.1Pr0.1Ba1.5Sr0.5Cu3O6.856
642,La0.8Ca0.2Ba1.5Sr0.5Cu3O6.794
643,La0.8Pr0.2Ba1.5Sr0.5Cu3O6.906
644,La0.8Pr0.2Ba1Ca1Cu3O7
645,La0.8Pr0.2Ba2Cu3O7
646,La0.95Ca0.05Ba1.5Sr0.5Cu3O6.878
647,La0.9Ba1.5Ca0.6Cu3O6.74
648,La0.9Ca0.1Ba1.5Sr0.5Cu3O6.847
649,La0.9Pr0.1Ba1.5Sr0.5Cu3O6.904
650,La0.9Pr0.1Ba2Cu3O7
651,La1.05Ba1.5Ca0.45Cu3O6.81
652,La1.1Ba1.4Sr0.5Cu3O6.954
653,La1.1Ba1.5Ca0.4Cu3O6.76
654,La1.1Ba1.5Ca0.4Cu3O6.82
655,La1.1Ba1.5Ca0.4Cu3O6.97
656,La1.1Ba1.5Ca0.4Cu3O7.06
657,La1.1Ba1.5Ca0.4Cu3O7.11
658,La1.1Ba1.5Ca0.4Cu3O7.123
659,La1.1Ba1.5Ca0.4Cu3O7.17
660,La1.1Ba1.5Ca0.4Cu3O7.25
661,La1.25Ba1.35Ca0.4Cu3O7.16
662,La1.25Ba1.45Ca0.3Cu3O7.15
663,La1.25Ba1.55Ca0.2Cu3O7.16
664,La1.25Ba1.5Ca0.25Cu3O6.74
665,La1.25Ba1.65Ca0.1Cu3O7.15
666,La1.25Ba1.75Cu3O7.07
667,La1.25Ca0.05Ba1.7Cu3O7.03
668,La1.25Ca0.15Ba1.6Cu3O7.052
669,La1.25Ca0.1Ba1.65Cu3O7.06
670,La1.25Ca0.25Ba1.5Cu3O7.087
671,La1.25Ca0.2Ba1.55Cu3O7.082
672,La1.25Ca0.35Ba1.4Cu3O7.108
673,La1.25Ca0.3Ba1.45Cu3O7.11
674,La1.25Ca0.45Ba1.3Cu3O7.135
675,La1.25Ca0.4Ba1.35Cu3O7.141
676,La1.25Ca0.5Ba1.25Cu3O7.137
677,La1.2Ba1.3Sr0.5Cu3O6.943
678,La1.2Ba1.5Ca0.3Cu3O6.72
679,La1.2Ba1.5Ca0.3Cu3O6.93
680,La1.2Ba1.5Ca0.3Cu3O7.06
681,La1.2Ba1.8Cu3O6.98
682,La1.2Ba1.8Cu3O7.2
683,La1.2Ba1.8Cu3O7.3
684,La1.35Ba1.5Ca0.15Cu3O6.67
685,La1.3Ba1.2Sr0.5Cu3O6.955
686,La1.3Ba1.3Sr0.4Cu3O6.928
687,La1.3Ba1.4Sr0.3Cu3O6.91
688,La1.3Ba1.5Ca0.2Cu3O6.7
689,La1.3Ba1.5Ca0.2Cu3O6.72
690,La1.3Ba1.5Ca0.2Cu3O6.92
691,La1.3Ba1.5Ca0.2Cu3O6.94
692,La1.3Ba1.5Sr0.2Cu3O6.901
693,La1.4Ba1.5Ca0.1Cu3O6.903
694,La1.4Ba1.5Ca0.1Cu3O6.943
695,La1.4Ba1.5Ca0.1Cu3O6.982
696,La1.5Ba1.1Ca0.4Cu3O6.764
697,La1.5Ba1.1Ca0.4Cu3O6.969
698,La1.5Ba1.1Ca0.4Cu3O7.05
699,La1.5Ba1.1Ca0.4Cu3O7.082
700,La1.5Ba1.3Ca0.2Cu3O6.897
701,La1.5Ba1.3Ca0.2Cu3O6.918
702,La1.5Ba1.3Ca0.2Cu3O6.957
703,La1.5Ba1.3Ca0.2Cu3O7.002
704,La1.5Ba1.4Ca0.1Cu3O6.912
705,La1.5Ba1.4Ca0.1Cu3O6.932
706,La1.5Ba1.4Ca0.1Cu3O6.964
707,La1.5Ba1Ca0.5Cu3O6.801
708,La1.5Ba1Ca0.5Cu3O6.981
709,La1.5Ba1Ca0.5Cu3O7.126
710,La1.5Ba1Ca0.5Cu3O7.195
711,La1.5Ba1Sr0.5Cu3O6.955
712,La1.65Ba1.5Ca0.35Cu3O6.79
713,La1Ba0.8Ca1.2Cu3O7.11
714,La1Ba0.9Ca1.1Cu3O7.05
715,La1Ba1.1Ca0.9Cu3O7.02
716,La1Ba1.25Ca0.75Cu3O6.958
717,La1Ba1.25Sr0.75Cu3O6.996
718,La1Ba1.2Ca0.8Cu3O6.95
719,La1Ba1.3Ca0.7Cu3O6.92
720,La1Ba1.4Ca0.6Cu3O6.9
721,La1Ba1.5Ca0.5Cu3O6.79
722,La1Ba1.5Ca0.5Cu3O6.85
723,La1Ba1.5Ca0.5Cu3O6.96
724,La1Ba1.5Ca0.5Cu3O7.011
725,La1Ba1.5Ca0.5Cu3O7.079
726,La1Ba1.5Ca0.5Cu3O7.112
727,La1Ba1.5Ca0.5Cu3O7.16
728,La1Ba1.5Sr0.5Cu3O6.902
729,La1Ba1.5Sr0.5Cu3O6.948
730,La1Ba1.5Sr0.5Cu3O6.967
731,La1Ba1.5Sr0.5Cu3O7
732,La1Ba1.75Ca0.25Cu3O6.951
733,La1Ba1.75Sr0.25Cu3O6.946
734,La1Ba1.87Ca0.13Cu3O6.923
735,La1Ba1Ca1Cu2.6Ni0.4O6.854
736,La1Ba1Ca1Cu2.7Ni0.3O6.848
737,La1Ba1Ca1Cu2.8Ni0.2O6.837
738,La1Ba1Ca1Cu2.9Ni0.1O6.85
739,La1Ba1Ca1Cu2.9P0.1O7.4
740,La1Ba1Ca1Cu3O6.856
741,La1Ba1Ca1Cu3O6.98
742,La1Ba1Ca1Cu3O6.99
743,La1Ba1Ca1Cu3O7
744,La1Ba1Sr1Cu3O6.94
745,La1Ba1Sr1Cu3O7.01
746,La1Ba2Cu2.95Co0.05O6.94
747,La1Ba2Cu2.9O6.8
748,La1Ba2Cu2.9O6.82
749,La1Ba2Cu3O6.85
750,La1Ba2Cu3O6.89
751,La1Ba2Cu3O6.95
752,La1Ba2Cu3O7
753,La1Ca1Ba1Cu2.7Zn0.3O7
754,La1Ca1Ba1Cu2.8Zn0.2O7
755,La1Ca1Ba1Cu2.95Zn0.05O7
756,La1Ca1Ba1Cu2.9Zn0.1O7
757,Lu0.45Pr0.55Ba2Cu3O7
758,Lu0.55Pr0.45Ba1.7Sr0.3Cu3O6.92
759,Lu0.55Pr0.45Ba2Cu3O7
760,Lu0.5Ca0.5Sr0.7Ba1.3Cu2.6C0.4O7
761,Lu0.5Pr0.4Ca0.1Ba2Cu3O7
762,Lu0.5Pr0.5Ba1.7Sr0.3Cu3O6.92
763,Lu0.5Pr0.5Ba2Cu3O6.75
764,Lu0.5Pr0.5Ba2Cu3O7
765,Lu0.65Pr0.35Ba1.7Sr0.3Cu3O6.93
766,Lu0.6Pr0.3Ca0.1Ba2Cu3O7
767,Lu0.6Pr0.4Ba1.7Sr0.3Cu3O6.91
768,Lu0.6Pr0.4Ba2Cu3O7
769,Lu0.75Ce0.15Ca0.1Ba2Cu3O7
770,Lu0.75Pr0.25Ba1.7Sr0.3Cu3O6.9
771,Lu0.7Ca0.3Ba2Cu3O6.62
772,Lu0.7Ca0.3Ba2Cu3O6.78
773,Lu0.7Ca0.3Ba2Cu3O6.88
774,Lu0.7Ce0.15Ca0.15Ba2Cu3O7
775,Lu0.7Pr0.2Ca0.1Ba2Cu3O7
776,Lu0.7Pr0.3Ba1.7Sr0.3Cu3O6.89
777,Lu0.7Pr0.3Ba2Cu3O7
778,Lu0.85Pr0.15Ba1.7Sr0.3Cu3O6.91
779,Lu0.85Pr0.15Ba2Cu3O7
780,Lu0.8Ca0.2Ba2Cu3O6.54
781,Lu0.8Ca0.2Ba2Cu3O6.68
782,Lu0.8Ca0.2Ba2Cu3O6.81
783,Lu0.8Ca0.2Ba2Cu3O6.91
784,Lu0.8Ce0.15Ca0.05Ba2Cu3O7
785,Lu0.8Ce0.1Ca0.1Ba2Cu3O7
786,Lu0.8Pr0.1Ca0.1Ba2Cu3O7
787,Lu0.8Pr0.2Ba1.7Sr0.3Cu3O6.93
788,Lu0.8Pr0.2Ba2Cu3O7
789,Lu0.93Pr0.07Ba2Cu3O7
790,Lu0.9Ce0.05Ca0.05Ba2Cu3O7
791,Lu0.9Ce0.1Ba2Cu3O7
792,Lu0.9Pr0.05Ca0.05Ba2Cu3O7
793,Lu0.9Pr0.1Ba1.7Sr0.3Cu3O6.95
794,Lu0.9Pr0.1Ba2Cu3O7
795,Lu1Ba1.7Sr0.3Cu3O7
796,Lu1Ba1Sr1Cu3O6.94
797,Lu1Ba2Cu3O7
798,Mo0.25Sr2Y1Cu2.75O7
799,Mo1Sr2Y1Cu2O7
800,Nb1Ba2Cu2.92Ga0.08O7
801,Nb1Ba2Cu2.93Ga0.07O7
802,Nb1Ba2Cu2.94Ga0.06O7
803,Nb1Ba2Cu2.95Ga0.05O7
804,Nb1Ba2Cu2.96Ga0.04O7
805,Nb1Ba2Cu2.98Ga0.02O7
806,Nb1Ba2Cu2.9Ga0.1O7
807,Nd0.2Pr0.3Ca0.5Ba2Cu3O7
808,Nd0.5Ca0.5Sr0.7Ba1.3Cu2.6C0.4O7
809,Nd0.65Pr0.35Ba1Ca1Cu3O7
810,Nd0.75Pr0.25Ba1Ca1Cu3O7
811,Nd0.75Pr0.25Ba2Cu3O6.85
812,Nd0.75Pr0.25Ba2Cu3O6.96
813,Nd0.7Pr0.3Ba1.15Sr0.85Cu3O7
814,Nd0.7Pr0.3Ba1.25Sr0.75Cu3O7
815,Nd0.7Pr0.3Ba1Sr1Cu3O6.87
816,Nd0.7Pr0.3Ba1Sr1Cu3O7
817,Nd0.7Pr0.3Ba2Cu3O7
818,Nd0.85La0.15Ba2Cu3O7
819,Nd0.85Pr0.15Ba2Cu3O6.75
820,Nd0.85Pr0.15Ba2Cu3O6.85
821,Nd0.85Pr0.15Ba2Cu3O7
822,Nd0.8Ca0.1Pr0.1Ba2Cu3O7
823,Nd0.8Ca0.1Pr0.1Ba2Cu3O7.02
824,Nd0.8Ca0.2Ba1Sr1Cu3O6.78
825,Nd0.8Pr0.2Ba2Cu3O6.75
826,Nd0.8Pr0.2Ba2Cu3O6.81
827,Nd0.8Pr0.2Ba2Cu3O6.85
828,Nd0.8Pr0.2Ba2Cu3O7
829,Nd0.92Pr0.08Ba2Cu3O7
830,Nd0.94Ca0.06Ba2Cu3O7
831,Nd0.95Ca0.025Pr0.025Ba2Cu3O6.95
832,Nd0.95Ca0.025Pr0.025Ba2Cu3O7
833,Nd0.95La0.05Ba2Cu3O7
834,Nd0.95Pr0.05Ba2Cu3O6.6
835,Nd0.95Pr0.05Ba2Cu3O6.65
836,Nd0.95Pr0.05Ba2Cu3O6.75
837,Nd0.95Pr0.05Ba2Cu3O6.85
838,Nd0.95Pr0.05Ba2Cu3O7
839,Nd0.97Ca0.03Ba2Cu3O7
840,Nd0.97Pr0.03Ba2Cu3O7
841,Nd0.9Ba1.7Ca0.4Cu3O6.801
842,Nd0.9Ba1.7Sr0.4Cu3O6.666
843,Nd0.9Ca0.05Pr0.05Ba2Cu3O6.95
844,Nd0.9Ca0.05Pr0.05Ba2Cu3O7
845,Nd0.9Ca0.1Ba1Sr1Cu3O6.85
846,Nd0.9Ca0.1Ba2Cu3O6.63
847,Nd0.9Ca0.1Ba2Cu3O7
848,Nd0.9La0.1Ba2Cu3O7
849,Nd0.9Pr0.1Ba1Ca1Cu3O7
850,Nd0.9Pr0.1Ba2Cu3O6.65
851,Nd0.9Pr0.1Ba2Cu3O6.75
852,Nd0.9Pr0.1Ba2Cu3O6.85
853,Nd0.9Pr0.1Ba2Cu3O7
854,Nd1.04Ba1.96Cu3O7
855,Nd1.05Ba1.95Cu3O7
856,Nd1.15Ba1.85Cu3O6.96
857,Nd1.15Ba1.85Cu3O7
858,Nd1.1Ba1.5Ca0.4Cu3O6.864
859,Nd1.1Ba1.7Ca0.2Cu3O6.894
860,Nd1.1Ba1.7Sr0.2Cu3O6.858
861,Nd1.1Ba1.9Cu3O6.9
862,Nd1.1Ba1.9Cu3O6.935
863,Nd1.1Ba1.9Cu3O6.96
864,Nd1.1Ba1.9Cu3O7
865,Nd1.1Ba1.9Cu3O7.05
866,Nd1.25Ba1.75Cu3O6.99
867,Nd1.25Ba1.75Cu3O7
868,Nd1.2Ba1.4Ca0.4Cu3O6.888
869,Nd1.2Ba1.4Sr0.4Cu3O6.731
870,Nd1.2Ba1.4Sr0.4Cu3O6.789
871,Nd1.2Ba1.6Ca0.2Cu3O6.929
872,Nd1.2Ba1.6Sr0.2Cu3O6.885
873,Nd1.2Ba1.8Cu3O6.91
874,Nd1.2Ba1.8Cu3O6.954
875,Nd1.2Ba1.8Cu3O6.96
876,Nd1.2Ba1.8Cu3O7
877,Nd1.2Ba1.8Cu3O7.1
878,Nd1.35Ba1.65Cu3O7.02
879,Nd1.3Ba1.3Ca0.4Cu3O6.912
880,Nd1.3Ba1.5Ca0.2Cu3O6.952
881,Nd1.3Ba1.5Sr0.2Cu3O6.917
882,Nd1.3Ba1.7Cu3O6.987
883,Nd1.3Ba1.7Cu3O7
884,Nd1.3Ba1.7Cu3O7.14
885,Nd1.45Ba1.55Cu3O7.08
886,Nd1.4Ba1.6Cu3O7
887,Nd1.4Ba1.6Cu3O7.09
888,Nd1.5Ba1.5Cu3O7.12
889,Nd1.5Ba1.5Cu3O7.14
890,Nd1Ba1.2Sr0.8Cu3O6.97
891,Nd1Ba1.4Sr0.6Cu3O6.94
892,Nd1Ba1.5Sr0.5Cu3O6.91
893,Nd1Ba1.5Sr0.5Cu3O7
894,Nd1Ba1.6Ca0.4Cu3O6.828
895,Nd1Ba1.6Sr0.4Cu3O6.721
896,Nd1Ba1.6Sr0.4Cu3O6.94
897,Nd1Ba1.8Ca0.2Cu3O6.866
898,Nd1Ba1.8Sr0.2Cu3O6.927
899,Nd1Ba1.8Sr0.2Cu3O6.96
900,Nd1Ba1Ca1Cu3O7
901,Nd1Ba1Sr0.2Ca0.8Cu3O7
902,Nd1Ba1Sr0.4Ca0.6Cu3O7
903,Nd1Ba1Sr0.6Ca0.4Cu3O7
904,Nd1Ba1Sr0.85Ca0.15Cu3O7
905,Nd1Ba1Sr0.8Ca0.2Cu3O7
906,Nd1Ba1Sr0.95Ca0.05Cu3O7
907,Nd1Ba1Sr0.9Ca0.1Cu3O7
908,Nd1Ba1Sr1Cu3O6.92
909,Nd1Ba1Sr1Cu3O6.94
910,Nd1Ba1Sr1Cu3O7.02
911,Nd1Ba2Cu2.55Ni0.45O7
912,Nd1Ba2Cu2.775Fe0.225O7
913,Nd1Ba2Cu2.775Ni0.225O7
914,Nd1Ba2Cu2.7Fe0.3O7
915,Nd1Ba2Cu2.7Ni0.3O7
916,Nd1Ba2Cu2.85Fe0.15O7
917,Nd1Ba2Cu2.85Ga0.15O6.62
918,Nd1Ba2Cu2.85Ni0.15O7
919,Nd1Ba2Cu2.91Ga0.09O7
920,Nd1Ba2Cu2.925Fe0.075O7
921,Nd1Ba2Cu2.925Ni0.075O7
922,Nd1Ba2Cu2.92Zn0.08O7
923,Nd1Ba2Cu2.94Zn0.06O7
924,Nd1Ba2Cu2.95Ga0.05O6.59
925,Nd1Ba2Cu2.96Zn0.04O7
926,Nd1Ba2Cu2.97Ga0.03O7
927,Nd1Ba2Cu2.98Zn0.02O7
928,Nd1Ba2Cu2.99Ga0.01O7
929,Nd1Ba2Cu2.99Zn0.01O7
930,Nd1Ba2Cu2.9Ga0.1O6.61
931,Nd1Ba2Cu2.9Zn0.1O7
932,Nd1Ba2Cu3O6.6
933,Nd1Ba2Cu3O6.65
934,Nd1Ba2Cu3O6.67
935,Nd1Ba2Cu3O6.75
936,Nd1Ba2Cu3O6.76
937,Nd1Ba2Cu3O6.78
938,Nd1Ba2Cu3O6.81
939,Nd1Ba2Cu3O6.82
940,Nd1Ba2Cu3O6.84
941,Nd1Ba2Cu3O6.85
942,Nd1Ba2Cu3O6.86
943,Nd1Ba2Cu3O6.93
944,Nd1Ba2Cu3O6.94
945,Nd1Ba2Cu3O6.95
946,Nd1Ba2Cu3O6.98
947,Nd1Ba2Cu3O7
948,Nd1Ba2Cu3O7.04
949,Nd1Ba2Cu3O7.16
950,Nd1Ba2Cu3S1O6
951,Pb0.5Ca1Sr2Y0.5Cu2O6.93
952,Pb0.5Ca1Sr2Y0.5Cu2O6.95
953,Pb0.5Ca1Sr2Y0.5Cu2O6.97
954,Pb0.5Ca1Sr2Y0.5Cu2O7
955,Pb0.5Cd0.5Sr1.5Ba0.5Ca0.5Y0.5Cu2O7
956,Pb0.5Cd0.5Sr1.6Ba0.4Ca0.5Y0.5Cu2O7
957,Pb0.5Cd0.5Sr2Ca0.5Y0.5Cu2O7
958,Pb0.5Cd0.5Sr2Tb0.5Ca0.5Cu2O7
959,Pb0.5Cd0.5Sr2Tb0.6Ca0.4Cu2O7
960,Pb0.5Cd0.5Sr2Y0.5Ca0.5Cu2O7
961,Pb0.5Cu0.5Sr2Y0.5Ca0.5Cu2O7
962,Pb0.5Sr1.8Ba0.2Y0.85Ca0.15Cu2.5O6.98
963,Pb0.5Sr2.5Y0.5Ca0.5Cu2O7
964,Pb0.5Sr2Ca0.5Dy0.5Cu2.5O7
965,Pb0.5Sr2Ca0.5Er0.5Cu2.5O7
966,Pb0.5Sr2Ca0.5Eu0.5Cu2.5O7
967,Pb0.5Sr2Ca0.5Gd0.5Cu2.5O7
968,Pb0.5Sr2Ca0.5Ho0.5Cu2.5O7
969,Pb0.5Sr2Ca0.5Nd0.5Cu2.5O7
970,Pb0.5Sr2Ca0.5Sm0.5Cu2.5O7
971,Pb0.5Sr2Ca0.5Tm0.5Cu2.5O7
972,Pb0.5Sr2Ca0.5Y0.5Cu2.5O7
973,Pb0.5Sr2Ca1Cu2.5O6.8
974,Pb0.5Sr2Y0.6Ca0.4Cu2.5O6.97
975,Pb0.75Sr2Ca0.5Y0.5Cu2.25O7
976,Pb0.7Hg0.3Sr2Nd0.3Ca0.7Cu2O6.6
977,Pb0.7Sr2Ca0.5Y0.5Cu2.3O7
978,Pb2Cu0.9La1.1Cu2O7.42
979,Pb2Sr0.9La1.1Cu2O6.65
980,Pr0.2Ca0.8Ba1La1Cu3O7.1
981,Pr0.4Ca0.6Ba2Cu3O7
982,Pr0.5Ca0.5Ba2Cu3O7
983,Pr0.5Ca0.5Sr0.7Ba1.3Cu2.6C0.4O7
984,Pr0.5Y0.5Ba2Cu3O7
985,Pr0.6Ca0.4Ba2Cu3O7
986,Pr0.85Ca0.15Sr2Cu2.7Mo0.3O7
987,Pr0.85Sr2.15Cu2.7Mo0.3O7
988,Pr0.8Sr2.2Cu2.7Mo0.3O7
989,Pr0.95Ca0.05Sr2Cu2.7Mo0.3O7
990,Pr0.95Sr2.05Cu2.7Mo0.3O7
991,Pr0.9Ca0.1Sr2Cu2.7Mo0.3O7
992,Pr0.9Sr2.1Cu2.7Mo0.3O7
993,Pr1Ba2Cu3O6.6
994,Pr1Ba2Cu3O6.8
995,Pr1Ba2Cu3O7
996,Sm0.2Pr0.3Ca0.5Ba2Cu3O7
997,Sm0.5Ca0.5Sr0.7Ba1.3Cu2.6C0.4O7
998,Sm0.5Eu0.5Ba2Cu3O7
999,Sm0.7Pr0.3Ba2Cu3O6.65
1000,Sm0.7Pr0.3Ba2Cu3O6.75
1001,Sm0.7Pr0.3Ba2Cu3O6.8
1002,Sm0.7Pr0.3Ba2Cu3O6.85
1003,Sm0.7Pr0.3Ba2Cu3O6.95
1004,Sm0.8Ca0.2Ba2Cu2.8Zn0.2O6.87
1005,Sm0.8Pr0.2Ba2Cu3O6.65
1006,Sm0.8Pr0.2Ba2Cu3O6.7
1007,Sm0.8Pr0.2Ba2Cu3O6.75
1008,Sm0.8Pr0.2Ba2Cu3O6.85
1009,Sm0.8Pr0.2Ba2Cu3O6.95
1010,Sm0.8Pr0.2Ba2Cu3O7
1011,Sm0.9Ca0.1Ba2Cu2.8Zn0.2O6.85
1012,Sm0.9Pr0.1Ba2Cu3O6.55
1013,Sm0.9Pr0.1Ba2Cu3O6.65
1014,Sm0.9Pr0.1Ba2Cu3O6.75
1015,Sm0.9Pr0.1Ba2Cu3O6.85
1016,Sm0.9Pr0.1Ba2Cu3O6.95
1017,Sm1.05Ba1.95Cu3O6.87
1018,Sm1.05Ba1.95Cu3O6.99
1019,Sm1.15Ba1.85Cu3O6.95
1020,Sm1.15Ba1.85Cu3O7
1021,Sm1.1Ba1.9Cu3O7
1022,Sm1.1Ba1.9Cu3O7.05
1023,Sm1.27Ba1.73Cu3O7.05
1024,Sm1.28Ba1.72Cu3O7.03
1025,Sm1.2Ba1.8Cu3O6.965
1026,Sm1.2Ba1.8Cu3O7.01
1027,Sm1.2Ba1.8Cu3O7.09
1028,Sm1.35Ba1.65Cu3O7
1029,Sm1.35Ba1.65Cu3O7.07
1030,Sm1.39Ba1.61Cu3O7.07
1031,Sm1Ba1.5Sr0.5Cu3O7
1032,Sm1Ba1.85Pr0.15Cu3O7.02
1033,Sm1Ba1.8Pr0.2Cu3O7.04
1034,Sm1Ba1.9Pr0.1Cu3O6.99
1035,Sm1Ba1Sr1Cu3O6.94
1036,Sm1Ba2Cu2.7Fe0.3O7
1037,Sm1Ba2Cu2.7Ni0.3O6.97
1038,Sm1Ba2Cu2.85Zn0.15O7
1039,Sm1Ba2Cu2.8Fe0.2O6.96
1040,Sm1Ba2Cu2.8Ni0.2O7
1041,Sm1Ba2Cu2.92Fe0.08O7
1042,Sm1Ba2Cu2.92Zn0.08O6.85
1043,Sm1Ba2Cu2.92Zn0.08O7
1044,Sm1Ba2Cu2.94Fe0.06O7
1045,Sm1Ba2Cu2.94Ni0.06O7
1046,Sm1Ba2Cu2.94Zn0.06O6.85
1047,Sm1Ba2Cu2.94Zn0.06O7
1048,Sm1Ba2Cu2.96Fe0.04O6.81
1049,Sm1Ba2Cu2.96Zn0.04O6.83
1050,Sm1Ba2Cu2.96Zn0.04O7
1051,Sm1Ba2Cu2.98Fe0.02O6.76
1052,Sm1Ba2Cu2.98Ni0.02O7
1053,Sm1Ba2Cu2.98Zn0.02O6.82
1054,Sm1Ba2Cu2.98Zn0.02O7
1055,Sm1Ba2Cu2.99Zn0.01O7
1056,Sm1Ba2Cu2.9Fe0.1O6.89
1057,Sm1Ba2Cu2.9Ni0.1O7
1058,Sm1Ba2Cu2.9Zn0.1O6.83
1059,Sm1Ba2Cu2.9Zn0.1O7
1060,Sm1Ba2Cu3O6.55
1061,Sm1Ba2Cu3O6.554
1062,Sm1Ba2Cu3O6.62
1063,Sm1Ba2Cu3O6.65
1064,Sm1Ba2Cu3O6.709
1065,Sm1Ba2Cu3O6.73
1066,Sm1Ba2Cu3O6.734
1067,Sm1Ba2Cu3O6.75
1068,Sm1Ba2Cu3O6.773
1069,Sm1Ba2Cu3O6.813
1070,Sm1Ba2Cu3O6.82
1071,Sm1Ba2Cu3O6.85
1072,Sm1Ba2Cu3O6.858
1073,Sm1Ba2Cu3O6.86
1074,Sm1Ba2Cu3O6.878
1075,Sm1Ba2Cu3O6.89
1076,Sm1Ba2Cu3O6.9
1077,Sm1Ba2Cu3O6.92
1078,Sm1Ba2Cu3O6.927
1079,Sm1Ba2Cu3O6.941
1080,Sm1Ba2Cu3O6.944
1081,Sm1Ba2Cu3O6.95
1082,Sm1Ba2Cu3O6.99
1083,Sm1Ba2Cu3O7
1084,Sm1Ba2Cu3O7.01
1085,Sm1Ba2Cu3O7.11
1086,Sr0.7Ba1.3Y1Cu2.8Al0.2O7.03
1087,Sr0.7Ba1.3Y1Cu2.8Al0.2O7.11
1088,Sr1.2Ba0.8Y1Cu2.8Al0.2O7.19
1089,Sr1.5Ba0.5Y1Cu2.8Ga0.2O6.96
1090,Sr1.5Ba0.5Y1Cu2.8Ga0.2O7
1091,Sr1.5Ba0.5Y1Cu2.8Ga0.2O7.1
1092,Sr1.5Ba0.5Y1Cu2.8Ga0.2O7.14
1093,Sr1.5Ba0.5Y1Cu2.8Ga0.2O7.2
1094,Sr1.5Ba0.5Y1Cu2.8Ge0.2O7
1095,Sr1.5Ba0.5Y1Cu2.8Mo0.2O7.03
1096,Sr1.5Ba0.5Y1Cu2.8Ti0.2O7
1097,Sr1.5Ba0.5Y1Cu2.8Ti0.2O7.08
1098,Sr1.5Ba0.5Y1Cu2.8Ti0.2O7.2
1099,Sr1Ba1Y1Cu2.8Al0.2O7.15
1100,Sr2Ca1Cu2.8O7.5
1101,Sr2Tm1Cu3O7.2
1102,Sr2Tm1Cu3O7.28
1103,Sr2Tm1Cu3O7.48
1104,Sr2Y0.7Ca0.3Cu2.35Pb0.65O6.89
1105,Sr2Y1Cu3O7.45
1106,Tb1Sr2Cu2.69Mo0.31O7
1107,Tb1Sr2Cu2.7Mo0.3O7
1108,Tb1Sr2Cu2.7Mo0.3O7.15
1109,Tl0.3Sr1.6Yb0.4Ca1Cu2.3O7
1110,Tl0.4Sr1.6Yb0.4Ca1Cu2.4O7
1111,Tl0.4Sr1.8Yb0.2Ca1Cu2.6O7
1112,Tl0.5Pb0.5Ca1Sr2Cu2O7
1113,Tl0.5Pb0.5Sr1.84Nd0.16Ca1Cu2O7
1114,Tl0.5Pb0.5Sr1.8Yb0.2Ca0.2Mg0.8Cu2O7
1115,Tl0.5Pb0.5Sr1.8Yb0.2Ca0.4Mg0.6Cu2O7
1116,Tl0.5Pb0.5Sr1.8Yb0.2Ca0.6Mg0.4Cu2O7
1117,Tl0.5Pb0.5Sr1.8Yb0.2Ca0.8Mg0.2Cu2O7
1118,Tl0.5Pb0.5Sr1.8Yb0.2Ca1Cu2O7
1119,Tl0.5Pb0.5Sr1.8Yb0.2Mg1Cu2O7
1120,Tl0.5Pb0.5Sr2Ca0.65Y0.35Cu2O7
1121,Tl0.5Pb0.5Sr2Ca0.8Y0.2Cu2O7
1122,Tl0.5Pb0.5Sr2Ca0.9Y0.1Cu2O7
1123,Tl0.5Pb0.5Sr2Ca1Cu2O7
1124,Tl0.5Sr1.6Yb0.4Ca1Cu2.5O7
1125,Tl0.5Sr1.8Yb0.2Ca1Cu2.5O7
1126,Tl0.6Sr1.8Yb0.2Ca1Cu2.4O7
1127,Tl0.75Pb0.25Ca1Sr2Cu2O7
1128,Tl0.7Pb0.3Ca1Sr2Cu2O7
1129,Tl0.7Sr1.8Yb0.2Ca1Cu2.3O7
1130,Tl0.85Cr0.15Sr2Ca1Cu2O7
1131,Tl0.8Mo0.2Sr2Ca1Cu2O7
1132,Tl0.8Sr1.8Yb0.2Ca1Cu2.2O7
1133,Tl0.9Sr1.6Yb0.4Ca1Cu2.1O7
1134,Tl0.9Sr1.8Yb0.2Ca1Cu2.1O7
1135,Tl1.2Sr2Ca0.8Cu2O6.862
1136,Tl1Ba1Sr1Ca1Cu2O7
1137,Tl1Ba2Ca0.5Nd0.5Cu2O6.86
1138,Tl1Ba2Ca0.65Y0.35Cu2O7
1139,Tl1Ba2Ca0.6Y0.4Cu2O7
1140,Tl1Ba2Ca0.7Gd0.3Cu2O7
1141,Tl1Ba2Ca0.7Nd0.3Cu2O7
1142,Tl1Ba2Ca0.8Gd0.2Cu2O7
1143,Tl1Ba2Ca0.8Nd0.2Cu2O6.86
1144,Tl1Ba2Ca0.8Nd0.2Cu2O7
1145,Tl1Ba2Ca0.8Y0.2Cu2O7
1146,Tl1Ba2Ca0.9Gd0.1Cu2O7
1147,Tl1Ba2Ca0.9Nd0.1Cu2O7
1148,Tl1Ba2Ca0.9Y0.1Cu2O7
1149,Tl1Ba2Ca1Cu2O7
1150,Tl1Sr1.3Nd0.7Ca1Cu2O7
1151,Tl1Sr1.55Ce0.45Ca1Cu2O7
1152,Tl1Sr1.5Ca0.5Yb1Cu2O7
1153,Tl1Sr1.5Ce0.5Ca1Cu2O7
1154,Tl1Sr1.5Dy0.5Ca1Cu2O7
1155,Tl1Sr1.5Er0.5Ca1Cu2O7
1156,Tl1Sr1.5Eu0.5Ca1Cu2O7
1157,Tl1Sr1.5Gd0.5Ca1Cu2O7
1158,Tl1Sr1.5Ho0.5Ca1Cu2O7
1159,Tl1Sr1.5La0.5Ca1Cu2O7
1160,Tl1Sr1.5Lu0.5Ca1Cu2O7
1161,Tl1Sr1.5Nd0.5Ca1Cu2O7
1162,Tl1Sr1.5Pr0.5Ca1Cu2O7
1163,Tl1Sr1.5Sm0.5Ca1Cu2O7
1164,Tl1Sr1.5Tb0.5Ca1Cu2O7
1165,Tl1Sr1.5Tm0.5Ca1Cu2O7
1166,Tl1Sr1.5Yb0.5Ca1Cu2O7
1167,Tl1Sr1.65Ce0.35Ca1Cu2O7
1168,Tl1Sr1.6Ce0.4Ca1Cu2O7
1169,Tl1Sr1.6Yb0.4Ca1Cu2O7
1170,Tl1Sr1.75Ce0.25Ca1Cu2O7
1171,Tl1Sr1.7Ca0.3Yb1Cu2O7
1172,Tl1Sr1.7Ce0.3Ca1Cu2O7
1173,Tl1Sr1.8Ca0.2Yb1Cu2O7
1174,Tl1Sr1.8Ce0.2Ca1Cu2O7
1175,Tl1Sr1.8Yb0.2Ca1Cu2O7
1176,Tl1Sr2Ca0.1Y0.9Cu2O6.97
1177,Tl1Sr2Ca0.2Pr0.8Cu2O7
1178,Tl1Sr2Ca0.2Y0.8Cu2O6.97
1179,Tl1Sr2Ca0.3Y0.7Cu2O6.97
1180,Tl1Sr2Ca0.4Gd0.6Cu2O7
1181,Tl1Sr2Ca0.4Pr0.6Cu2O7
1182,Tl1Sr2Ca0.4Tb0.6Cu2O7
1183,Tl1Sr2Ca0.4Y0.6Cu2O6.93
1184,Tl1Sr2Ca0.4Y0.6Cu2O7
1185,Tl1Sr2Ca0.5Sm0.5Cu2O6.75
1186,Tl1Sr2Ca0.5Y0.5Cu2O6.89
1187,Tl1Sr2Ca0.65Ce0.35Cu2O7
1188,Tl1Sr2Ca0.6Ce0.4Cu2O7
1189,Tl1Sr2Ca0.6Gd0.4Cu2O7
1190,Tl1Sr2Ca0.6Pr0.4Cu2O7
1191,Tl1Sr2Ca0.6Y0.4Cu2O6.86
1192,Tl1Sr2Ca0.6Y0.4Cu2O7
1193,Tl1Sr2Ca0.7Ce0.3Cu2O7
1194,Tl1Sr2Ca0.7Y0.3Cu2O6.84
1195,Tl1Sr2Ca0.8Ce0.2Cu2O7
1196,Tl1Sr2Ca0.8Pr0.2Cu2O7
1197,Tl1Sr2Ca0.8Y0.2Cu2O6.82
1198,Tl1Sr2Ca0.8Y0.2Cu2O7
1199,Tl1Sr2Ca1Cu2O6.52
1200,Tl1Sr2Ca1Cu2O6.58
1201,Tl1Sr2Ca1Cu2O6.61
1202,Tl1Sr2Ca1Cu2O6.68
1203,Tl1Sr2Ca1Cu2O6.74
1204,Tl1Sr2Ca1Cu2O6.75
1205,Tl1Sr2Ca1Cu2O6.76
1206,Tl1Sr2Ca1Cu2O6.8
1207,Tl1Sr2Ca1Cu2O6.825
1208,Tl1Sr2Ca1Cu2O6.837
1209,Tl1Sr2Ca1Cu2O6.85
1210,Tl1Sr2Ca1Cu2O6.862
1211,Tl1Sr2Ca1Cu2O7
1212,Tl1Sr2Sr0.5Dy0.5Cu2O7
1213,Tl1Sr2Sr0.5Er0.5Cu2O7
1214,Tl1Sr2Sr0.5Eu0.5Cu2O7
1215,Tl1Sr2Sr0.5Gd0.5Cu2O7
1216,Tl1Sr2Sr0.5Ho0.5Cu2O7
1217,Tl1Sr2Sr0.5La0.5Cu2O7
1218,Tl1Sr2Sr0.5Nd0.5Cu2O7
1219,Tl1Sr2Sr0.5Pr0.5Cu2O7
1220,Tl1Sr2Sr0.5Sm0.5Cu2O7
1221,Tl1Sr2Sr0.5Tb0.5Cu2O7
1222,Tl1Sr2Sr0.5Tm0.5Cu2O7
1223,Tl1Sr2Sr0.5Y0.5Cu2O7
1224,Tl1Sr2Sr0.5Yb0.5Cu2O7
1225,Tm0.5Ca0.5Sr0.7Ba1.3Cu2.6C0.4O7
1226,Tm0.5Pr0.5Ba2Cu3O6.64
1227,Tm0.5Pr0.5Ba2Cu3O6.95
1228,Tm0.6Pr0.4Ba2Cu3O6.95
1229,Tm0.7Pr0.3Ba2Cu3O6.95
1230,Tm0.8Pr0.2Ba2Cu3O6.95
1231,Tm0.8Pr0.2Ba2Cu3O7
1232,Tm0.9Ca0.1Ba2Cu3O7
1233,Tm0.9Pr0.1Ba2Cu3O6.95
1234,Tm1Ba1Sr1Cu3O6.94
1235,Tm1Ba2Cu2.55Fe0.45O7
1236,Tm1Ba2Cu2.55Ni0.45O7
1237,Tm1Ba2Cu2.775Ni0.225O7
1238,Tm1Ba2Cu2.7Fe0.3O7
1239,Tm1Ba2Cu2.7Ni0.3O7
1240,Tm1Ba2Cu2.85Fe0.15O7
1241,Tm1Ba2Cu2.85Ni0.15O7
1242,Tm1Ba2Cu2.925Fe0.075O7
1243,Tm1Ba2Cu2.925Ni0.075O7
1244,Tm1Ba2Cu3O6.65
1245,Tm1Ba2Cu3O6.71
1246,Tm1Ba2Cu3O6.72
1247,Tm1Ba2Cu3O6.8
1248,Tm1Ba2Cu3O6.86
1249,Tm1Ba2Cu3O6.87
1250,Tm1Ba2Cu3O6.91
1251,Tm1Ba2Cu3O6.94
1252,Tm1Ba2Cu3O6.95
1253,Tm1Ba2Cu3O6.96
1254,Tm1Ba2Cu3O6.99
1255,Tm1Ba2Cu3O7
1256,Y0.14Tm0.85Ba2Cu3O7
1257,Y0.1La0.9Ba2Cu3O7.05
1258,Y0.25Cd0.75Ba2Cu3O7
1259,Y0.25Pr0.75Sr2Cu2.8Re0.2O7
1260,Y0.2Ca0.4Pr0.4Ba2Cu3O7
1261,Y0.2Eu0.8Ba2Cu3O7
1262,Y0.2Gd0.8Ba2Cu3O7
1263,Y0.2La0.8Ba2Cu3O7
1264,Y0.2Pr0.3Ca0.5Ba2Cu3O7
1265,Y0.2Yb0.8Ba2Cu3O6.91
1266,Y0.35Pr0.65Ba1Sr1Cu3O6.9
1267,Y0.35Pr0.65Ba1Sr1Cu3O7
1268,Y0.38Ba1.74La0.88Cu3O6.95
1269,Y0.3Cd0.7Ba2Cu3O7
1270,Y0.3La0.7Ba2Cu3O6.98
1271,Y0.3Pr0.7Ba1Sr1Cu3O6.95
1272,Y0.3Pr0.7Sr2Cu2.7Mo0.3O7
1273,Y0.3Pr0.7Sr2Cu2.85Re0.15O7
1274,Y0.4375La0.2625Pr0.3Ba2Cu3O7
1275,Y0.44Pr0.56Ba2Cu3O6.93
1276,Y0.44Pr0.56Ba2Cu3O7
1277,Y0.45Pr0.55Ba2Cu3O6.953
1278,Y0.45Pr0.55Ba2Cu3O6.98
1279,Y0.47Pr0.53Ba2Cu3O6.96
1280,Y0.47Pr0.53Ba2Cu3O7
1281,Y0.4Ca0.3Pr0.3Ba2Cu3O7.02
1282,Y0.4Ca0.6Ba1.1La0.9Cu3O7.12
1283,Y0.4Ca0.6Ba1.2La0.8Cu3O7.07
1284,Y0.4Cd0.6Ba2Cu3O7
1285,Y0.4Gd0.6Ba2Cu3O7
1286,Y0.4La0.6Ba2Cu3O6.99
1287,Y0.4Pr0.6Ba0.75Sr1.25Cu3O6.92
1288,Y0.4Pr0.6Ba1.25Sr0.75Cu3O6.92
1289,Y0.4Pr0.6Ba1.2Sr0.8Cu3O7
1290,Y0.4Pr0.6Ba1.5Ca0.5Cu3O7
1291,Y0.4Pr0.6Ba1.6Ca0.4Cu3O7
1292,Y0.4Pr0.6Ba1.7Ca0.3Cu3O7
1293,Y0.4Pr0.6Ba1.8Ca0.2Cu3O7
1294,Y0.4Pr0.6Ba1Sr1Cu3O6.92
1295,Y0.4Pr0.6Ba1Sr1Cu3O7
1296,Y0.4Pr0.6Ba2Cu3O6.95
1297,Y0.4Pr0.6Sr2Cu2.7Mo0.3O7
1298,Y0.4Pr0.6Sr2Cu2.85Re0.15O6.8
1299,Y0.4Yb0.6Ba2Cu3O6.93
1300,Y0.52Eu0.58Ba1.9Cu2.69Al0.42O7
1301,Y0.54Pr0.46Ba2Cu3O7
1302,Y0.55Pr0.45Ba2Cu3O6.65
1303,Y0.55Pr0.45Ba2Cu3O6.8
1304,Y0.55Pr0.45Ba2Cu3O6.98
1305,Y0.55Pr0.45Ba2Cu3O7
1306,Y0.55Pr0.45Ba2Cu3O7.01
1307,Y0.5625La0.3375Pr0.1Ba2Cu3O7
1308,Y0.56Pr0.44Ba2Cu3O7
1309,Y0.57Pr0.43Ba2Cu3O7
1310,Y0.58Pr0.42Ba2Cu3O7
1311,Y0.5Ca0.5Ba1.1La0.9Cu3O7.15
1312,Y0.5Ca0.5Ba1.2La0.8Cu3O7.12
1313,Y0.5Ca0.5Ba1.5La0.5Cu3O6.94
1314,Y0.5Ca0.5Ba1.5La0.5Cu3O6.96
1315,Y0.5Ca0.5Sr0.7Ba1.3Cu2.6C0.4O7
1316,Y0.5Cd0.5Ba2Cu3O7
1317,Y0.5La0.3Pr0.2Ba2Cu3O7
1318,Y0.5La0.5Ba2Cu3O7.01
1319,Y0.5Pr0.2Ca0.3Ba2Cu3O7
1320,Y0.5Pr0.2Cd0.1Ca0.2Ba2Cu3O7
1321,Y0.5Pr0.2Cd0.2Ca0.1Ba2Cu3O7
1322,Y0.5Pr0.2Cd0.3Ba2Cu3O7
1323,Y0.5Pr0.5Ba1Sr1Cu3O6.9
1324,Y0.5Pr0.5Ba1Sr1Cu3O7
1325,Y0.5Pr0.5Ba2Cu3O6.53
1326,Y0.5Pr0.5Ba2Cu3O6.61
1327,Y0.5Pr0.5Ba2Cu3O6.65
1328,Y0.5Pr0.5Ba2Cu3O6.66
1329,Y0.5Pr0.5Ba2Cu3O6.68
1330,Y0.5Pr0.5Ba2Cu3O6.71
1331,Y0.5Pr0.5Ba2Cu3O6.76
1332,Y0.5Pr0.5Ba2Cu3O6.85
1333,Y0.5Pr0.5Ba2Cu3O6.95
1334,Y0.5Pr0.5Ba2Cu3O6.96
1335,Y0.5Pr0.5Ba2Cu3O6.965
1336,Y0.5Pr0.5Ba2Cu3O6.98
1337,Y0.5Pr0.5Ba2Cu3O7
1338,Y0.5Pr0.5Sr2Cu2.7Mo0.3O7
1339,Y0.5Pr0.5Sr2Cu2.85Re0.15O7
1340,Y0.5Sc0.5Ba2Cu3O7
1341,Y0.5Sm0.5Ba2Cu3O7
1342,Y0.625La0.375Ba2Cu3O7
1343,Y0.64Ca0.36Ba2Cu2.64Co0.36O6.87
1344,Y0.65Ca0.15Pr0.2Ba2Cu3O6.95
1345,Y0.65Ca0.35Sr2Cu2Ga1O6.99
1346,Y0.65Ca0.35Sr2Cu2Ga1O7
1347,Y0.65Pr0.2Ca0.15Ba2Cu3O7
1348,Y0.65Pr0.35Ba2Cu3O6.6
1349,Y0.65Pr0.35Ba2Cu3O6.75
1350,Y0.65Pr0.35Ba2Cu3O6.85
1351,Y0.65Pr0.35Ba2Cu3O6.95
1352,Y0.65Pr0.35Ba2Cu3O7.01
1353,Y0.68Eu0.39Ba1.93Cu2.73Al0.32O7
1354,Y0.68Tb0.32Ba2Cu3O7
1355,Y0.6Ca0.2Pr0.2Ba2Cu3O6.95
1356,Y0.6Ca0.2Pr0.2Ba2Cu3O7
1357,Y0.6Ca0.4Ba1.1La0.9Cu3O7.18
1358,Y0.6Ca0.4Ba1.2La0.8Cu3O7.15
1359,Y0.6Ca0.4Ba1.3La0.7Cu3O7.12
1360,Y0.6Ca0.4Ba1.4La0.6Cu3O7.07
1361,Y0.6Ca0.4Ba1.5La0.5Cu3O7.01
1362,Y0.6Ca0.4Ba1.6La0.4Cu3O6.95
1363,Y0.6Ca0.4Ba1.6La0.4Cu3O6.96
1364,Y0.6Ca0.4Sr1.6Ba0.4Cu2Ga1O7
1365,Y0.6Ca0.4Sr1.7Ba0.3Cu2Ga1O7
1366,Y0.6Ca0.4Sr1.8Ba0.2Cu2Ga1O7
1367,Y0.6Ca0.4Sr2Cu2Ga1O7
1368,Y0.6Cd0.4Ba2Cu3O7
1369,Y0.6Eu0.4Ba2Cu3O7
1370,Y0.6Gd0.4Ba2Cu3O7
1371,Y0.6La0.4Ba2Cu3O6.92
1372,Y0.6Pr0.2Ca0.2Ba2Cu3O7
1373,Y0.6Pr0.2Cd0.2Ba2Cu3O7
1374,Y0.6Pr0.4Ba0.2Sr1.8Cu3O7
1375,Y0.6Pr0.4Ba0.4Sr1.6Cu3O7
1376,Y0.6Pr0.4Ba0.6Sr1.4Cu3O6.89
1377,Y0.6Pr0.4Ba0.8Sr1.2Cu3O6.89
1378,Y0.6Pr0.4Ba1.2Sr0.8Cu3O6.89
1379,Y0.6Pr0.4Ba1.4Sr0.6Cu3O6.83
1380,Y0.6Pr0.4Ba1.6Sr0.4Cu3O6.87
1381,Y0.6Pr0.4Ba1.8Sr0.2Cu3O6.85
1382,Y0.6Pr0.4Ba1Sr1Cu3O6.89
1383,Y0.6Pr0.4Ba1Sr1Cu3O6.9
1384,Y0.6Pr0.4Ba1Sr1Cu3O7
1385,Y0.6Pr0.4Ba2Cu3O6.5
1386,Y0.6Pr0.4Ba2Cu3O6.53
1387,Y0.6Pr0.4Ba2Cu3O6.61
1388,Y0.6Pr0.4Ba2Cu3O6.65
1389,Y0.6Pr0.4Ba2Cu3O6.66
1390,Y0.6Pr0.4Ba2Cu3O6.76
1391,Y0.6Pr0.4Ba2Cu3O6.8
1392,Y0.6Pr0.4Ba2Cu3O6.85
1393,Y0.6Pr0.4Ba2Cu3O6.88
1394,Y0.6Pr0.4Ba2Cu3O6.9
1395,Y0.6Pr0.4Ba2Cu3O6.929
1396,Y0.6Pr0.4Ba2Cu3O6.95
1397,Y0.6Pr0.4Ba2Cu3O6.96
1398,Y0.6Pr0.4Ba2Cu3O6.965
1399,Y0.6Pr0.4Ba2Cu3O6.97
1400,Y0.6Pr0.4Ba2Cu3O6.98
1401,Y0.6Pr0.4Ba2Cu3O7
1402,Y0.6Pr0.4Sr2Cu2.7Mo0.3O7
1403,Y0.6Sm0.4Ba2Cu3O7
1404,Y0.72Pr0.28Ba2Cu3O7
1405,Y0.74Ca0.16Sr0.6Ba1.5Cu2.78S0.22O7
1406,Y0.74Ca0.16Sr1.1Ba1Cu2.78S0.22O7
1407,Y0.74Ca0.16Sr1.6Ba0.5Cu2.78S0.22O7
1408,Y0.74Ca0.16Sr2.1Cu2.78S0.22O7
1409,Y0.74Eu0.35Ba1.91Cu2.81Al0.3O7
1410,Y0.75Ca0.05Pr0.2Ba2Cu3O6.95
1411,Y0.75Ca0.1Pr0.15Ba2Cu3O6.95
1412,Y0.75Ca0.25Ba2Cu2.75Al0.25O6.86
1413,Y0.75Ca0.25Ba2Cu2.75Co0.25O6.8
1414,Y0.75Ca0.25Ba2Cu2.75Co0.25O6.82
1415,Y0.75Ca0.25Ba2Cu2.75Co0.25O6.98
1416,Y0.75Ca0.25Ba2Cu2.75Co0.25O7
1417,Y0.75Ca0.25Ba2Cu2.75Ni0.25O6.77
1418,Y0.75Ca0.25Ba2Cu2.75Zn0.25O6.76
1419,Y0.75Pr0.25Ba2Cu3O7
1420,Y0.75Pr0.2Ca0.05Ba2Cu3O7
1421,Y0.75Sc0.25Ba2Cu3O7
1422,Y0.76Ca0.24Ba2Cu2.55Co0.45O6.93
1423,Y0.76Ca0.24Ba2Cu2.64Co0.36O6.96
1424,Y0.76Ca0.24Ba2Cu2.76Co0.24O6.84
1425,Y0.76Ca0.24Ba2Cu2.85Co0.15O6.8
1426,Y0.76Ca0.24Ba2Cu2.94Co0.06O6.81
1427,Y0.76Ca0.34Ba2Cu2.55Co0.45O6.95
1428,Y0.77Ca0.08Pr0.15Ba2Cu3O6.95
1429,Y0.78Pr0.22Ba2Cu3O7
1430,Y0.7Ca0.15Pr0.15Ba2Cu3O6.95
1431,Y0.7Ca0.1Pr0.2Ba2Cu3O6.95
1432,Y0.7Ca0.3Ba1.3La0.7Cu3O7.16
1433,Y0.7Ca0.3Ba1.4La0.6Cu3O7.12
1434,Y0.7Ca0.3Ba1.7La0.3Cu3O6.92
1435,Y0.7Ca0.3Ba1.7La0.3Cu3O6.96
1436,Y0.7Ca0.3Ba2Cu2.55Co0.45O6.84
1437,Y0.7Ca0.3Ba2Cu2.7Co0.3O6.78
1438,Y0.7Ca0.3Ba2Cu2.7Co0.3O6.84
1439,Y0.7Ca0.3Ba2Cu2.7Co0.3O6.93
1440,Y0.7Ca0.3Ba2Cu2.7Co0.3O7.02
1441,Y0.7Ca0.3Ba2Cu2.7Ni0.3O7
1442,Y0.7Ca0.3Ba2Cu3O6.78
1443,Y0.7Ca0.3Ba2Cu3O6.87
1444,Y0.7Ca0.3Sr1.5Ba0.5Cu2.8Cr0.2O7
1445,Y0.7Ca0.3Sr2Cu2.5Se0.5O7
1446,Y0.7Cd0.3Ba2Cu3O7
1447,Y0.7La0.3Ba2Cu3O6.92
1448,Y0.7Pr0.15Ca0.15Ba2Cu3O7
1449,Y0.7Pr0.2Ca0.1Ba2Cu3O7
1450,Y0.7Pr0.2Cd0.1Ba2Cu3O7
1451,Y0.7Pr0.3Ba2Cu3O6.5
1452,Y0.7Pr0.3Ba2Cu3O6.6
1453,Y0.7Pr0.3Ba2Cu3O6.65
1454,Y0.7Pr0.3Ba2Cu3O6.75
1455,Y0.7Pr0.3Ba2Cu3O6.85
1456,Y0.7Pr0.3Ba2Cu3O6.88
1457,Y0.7Pr0.3Ba2Cu3O6.942
1458,Y0.7Pr0.3Ba2Cu3O6.95
1459,Y0.7Pr0.3Ba2Cu3O6.96
1460,Y0.7Pr0.3Ba2Cu3O6.965
1461,Y0.7Pr0.3Ba2Cu3O6.97
1462,Y0.7Pr0.3Ba2Cu3O6.98
1463,Y0.7Pr0.3Ba2Cu3O7
1464,Y0.7Pr0.3Sr2Cu2.7Mo0.3O7
1465,Y0.7Zn0.3Ba2Cu3O7
1466,Y0.82Pr0.1Ca0.08Ba2Cu3O7
1467,Y0.83Ca0.02Pr0.15Ba2Cu3O6.95
1468,Y0.84Pr0.1Ca0.06Ba2Cu3O7
1469,Y0.84Sr1.16Ba1Cu2.78S0.22O7
1470,Y0.84Sr2.16Cu2.78S0.22O7
1471,Y0.85Ca0.05Pr0.1Ba2Cu3O6.95
1472,Y0.85Ca0.15Ba2Cu2.55Co0.45O7.08
1473,Y0.85Ca0.15Ba2Cu2.75Co0.25O7.01
1474,Y0.85Ca0.15Ba2Cu2.85Al0.15O6.87
1475,Y0.85Ca0.15Ba2Cu2.85Co0.15O6.78
1476,Y0.85Ca0.15Ba2Cu2.85Co0.15O6.83
1477,Y0.85Ca0.15Ba2Cu2.85Co0.15O6.97
1478,Y0.85Ca0.15Ba2Cu2.85Ni0.15O6.85
1479,Y0.85Ca0.15Ba2Cu2.85Zn0.15O6.85
1480,Y0.85Ca0.15Ba2Cu2.8Zn0.2O6.74
1481,Y0.85Ca0.15Ba2Cu3O6.58
1482,Y0.85Ca0.15Ba2Cu3O6.65
1483,Y0.85Ca0.15Ba2Cu3O6.71
1484,Y0.85Ca0.15Ba2Cu3O6.9
1485,Y0.85Ca0.15Sr0.5Ba1.5Cu2.5B0.5O7
1486,Y0.85Ca0.15Sr1.5Ba0.5Cu2.5B0.5O7
1487,Y0.85Ca0.15Sr1Ba1Cu2.5B0.5O7
1488,Y0.85Cs0.15Ba2Cu3O6.5
1489,Y0.85Pr0.15Ba2Cu3O6.5
1490,Y0.85Pr0.15Ba2Cu3O6.65
1491,Y0.85Pr0.15Ba2Cu3O6.8
1492,Y0.85Pr0.15Ba2Cu3O6.84
1493,Y0.85Pr0.15Ba2Cu3O6.95
1494,Y0.85Pr0.15Ba2Cu3O6.97
1495,Y0.85Pr0.15Ba2Cu3O6.98
1496,Y0.85Pr0.15Ba2Cu3O7
1497,Y0.868Ca0.132Ba2Cu3O6.928
1498,Y0.86Pr0.1Ca0.04Ba2Cu3O7
1499,Y0.87Pr0.13Ba2Cu3O7
1500,Y0.88Ca0.12Ba2Cu2.88Co0.12O6.78
1501,Y0.88Ca0.12Sr2Cu2.5Fe0.5O6.89
1502,Y0.88Eu0.17Ba1.95Cu2.82Al0.32O7
1503,Y0.88Pr0.1Ca0.02Ba2Cu3O7
1504,Y0.88Tb0.12Ba2Cu3O7
1505,Y0.899Ca0.101Ba2Cu3O6.943
1506,Y0.89Pr0.05Ca0.06Ba2Cu3O7
1507,Y0.8Ca0.05Pr0.15Ba2Cu3O6.95
1508,Y0.8Ca0.1Pr0.1Ba2Cu3O6.95
1509,Y0.8Ca0.1Pr0.1Ba2Cu3O7.01
1510,Y0.8Ca0.2Ba1.4La0.6Cu3O7.15
1511,Y0.8Ca0.2Ba1.5La0.5Cu3O7.11
1512,Y0.8Ca0.2Ba1.5La0.5Cu3O7.13
1513,Y0.8Ca0.2Ba1.8La0.2Cu3O6.94
1514,Y0.8Ca0.2Ba1.8La0.2Cu3O6.96
1515,Y0.8Ca0.2Ba2Cu2.75Co0.25O7.01
1516,Y0.8Ca0.2Ba2Cu2.82Zn0.18O7
1517,Y0.8Ca0.2Ba2Cu2.85Co0.15O6.84
1518,Y0.8Ca0.2Ba2Cu2.8Al0.2O6.88
1519,Y0.8Ca0.2Ba2Cu2.8Co0.2O6.78
1520,Y0.8Ca0.2Ba2Cu2.8Co0.2O6.83
1521,Y0.8Ca0.2Ba2Cu2.8Co0.2O6.98
1522,Y0.8Ca0.2Ba2Cu2.8Ni0.2O6.77
1523,Y0.8Ca0.2Ba2Cu2.8Zn0.2O6.73
1524,Y0.8Ca0.2Ba2Cu2.8Zn0.2O6.74
1525,Y0.8Ca0.2Ba2Cu2.91Zn0.09O7
1526,Y0.8Ca0.2Ba2Cu2.955Zn0.045O7
1527,Y0.8Ca0.2Ba2Cu3O6.5
1528,Y0.8Ca0.2Ba2Cu3O6.51
1529,Y0.8Ca0.2Ba2Cu3O6.53
1530,Y0.8Ca0.2Ba2Cu3O6.59
1531,Y0.8Ca0.2Ba2Cu3O6.6
1532,Y0.8Ca0.2Ba2Cu3O6.64
1533,Y0.8Ca0.2Ba2Cu3O6.7
1534,Y0.8Ca0.2Ba2Cu3O6.78
1535,Y0.8Ca0.2Ba2Cu3O6.8
1536,Y0.8Ca0.2Ba2Cu3O6.84
1537,Y0.8Ca0.2Ba2Cu3O6.86
1538,Y0.8Ca0.2Ba2Cu3O6.89
1539,Y0.8Ca0.2Ba2Cu3O6.9
1540,Y0.8Ca0.2Ba2Cu3O7
1541,Y0.8Ca0.2Sr1.5Ba0.5Cu2.8Cr0.2O7
1542,Y0.8Ca0.2Sr1.6Ba0.4Cu2.7Ga0.3O7
1543,Y0.8Ca0.2Sr1Ba1Cu2.7Ga0.3O7
1544,Y0.8Ca0.2Sr1Ba1Cu2.8B0.2O7
1545,Y0.8Ca0.2Sr1Ba1Cu2.9B0.1O7.3
1546,Y0.8Cd0.2Ba2Cu3O7
1547,Y0.8Gd0.2Ba2Cu3O7
1548,Y0.8La0.2Ba2Cu3O6.9
1549,Y0.8Pr0.05Ca0.15Ba2Cu3O6.83
1550,Y0.8Pr0.15Ca0.05Ba2Cu3O6.82
1551,Y0.8Pr0.1Ca0.1Ba2Cu3O7
1552,Y0.8Pr0.2Ba1Sr1Cu3O6.9
1553,Y0.8Pr0.2Ba1Sr1Cu3O7
1554,Y0.8Pr0.2Ba2Cu2.7Fe0.3O7.1
1555,Y0.8Pr0.2Ba2Cu3O6.5
1556,Y0.8Pr0.2Ba2Cu3O6.6
1557,Y0.8Pr0.2Ba2Cu3O6.65
1558,Y0.8Pr0.2Ba2Cu3O6.75
1559,Y0.8Pr0.2Ba2Cu3O6.8
1560,Y0.8Pr0.2Ba2Cu3O6.81
1561,Y0.8Pr0.2Ba2Cu3O6.82
1562,Y0.8Pr0.2Ba2Cu3O6.85
1563,Y0.8Pr0.2Ba2Cu3O6.91
1564,Y0.8Pr0.2Ba2Cu3O6.95
1565,Y0.8Pr0.2Ba2Cu3O6.96
1566,Y0.8Pr0.2Ba2Cu3O6.965
1567,Y0.8Pr0.2Ba2Cu3O6.98
1568,Y0.8Pr0.2Ba2Cu3O7
1569,Y0.8Pr0.2Ba2Cu3O7.1
1570,Y0.8Pr0.2Ba2Cu3O7.2
1571,Y0.8Pr0.2Ba2Cu3O7.3
1572,Y0.8Pr0.2Ba2Cu3O7.4
1573,Y0.8Pr0.2Ba2Cu3O7.5
1574,Y0.8Pr0.2Sr2Cu2.7Mo0.3O7
1575,Y0.8Pr0.2Sr2Cu2.85Re0.15O7
1576,Y0.8Sm0.2Ba2Cu3O7
1577,Y0.8Zn0.2Ba2Cu3O7
1578,Y0.91Pr0.05Ca0.04Ba2Cu3O7
1579,Y0.925Ca0.075Ba2Cu3O6.68
1580,Y0.925Ca0.075Ba2Cu3O6.93
1581,Y0.92Ca0.08Ba2Cu3O7
1582,Y0.92Ca0.08Sr2Cu2.5Fe0.5O6.92
1583,Y0.92Pr0.08Ba2Cu3O7
1584,Y0.92Tb0.08Ba2Cu3O7
1585,Y0.93Pr0.05Ca0.02Ba2Cu3O7
1586,Y0.94Ca0.06Ba2Cu3O6.97
1587,Y0.94Pr0.06Ba2Cu3O7
1588,Y0.95Ca0.05Ba2Cu2.75Co0.25O7.06
1589,Y0.95Ca0.05Ba2Cu2.85Co0.15O6.82
1590,Y0.95Ca0.05Ba2Cu2.8Zn0.2O6.74
1591,Y0.95Ca0.05Ba2Cu2.95Al0.05O6.88
1592,Y0.95Ca0.05Ba2Cu2.95Co0.05O6.75
1593,Y0.95Ca0.05Ba2Cu2.95Co0.05O6.84
1594,Y0.95Ca0.05Ba2Cu2.95Co0.05O6.96
1595,Y0.95Ca0.05Ba2Cu2.95Ni0.05O6.83
1596,Y0.95Ca0.05Ba2Cu2.95Zn0.05O6.89
1597,Y0.95Ca0.05Ba2Cu3O6.7
1598,Y0.95Ca0.05Ba2Cu3O6.79
1599,Y0.95Ca0.05Ba2Cu3O6.94
1600,Y0.95Ca0.05Ba2Cu3O7
1601,Y0.95Cs0.05Ba2Cu3O6.61
1602,Y0.95K0.05Ba2Cu3O6.6
1603,Y0.95La0.05Ba2Cu3O6.58
1604,Y0.95Pr0.05Ba2Cu3O6.85
1605,Y0.95Pr0.05Ba2Cu3O6.95
1606,Y0.95Pr0.05Ba2Cu3O6.96
1607,Y0.95Pr0.05Ba2Cu3O6.965
1608,Y0.95Pr0.05Ba2Cu3O6.97
1609,Y0.95Pr0.05Ba2Cu3O7
1610,Y0.95Rb0.05Ba2Cu3O6.59
1611,Y0.95Sc0.05Ba2Cu3O6.63
1612,Y0.96Pr0.04Ba2Cu3O7
1613,Y0.96Tb0.04Ba2Cu3O7
1614,Y0.975Ca0.025Ba2Cu2.975Al0.025O6.89
1615,Y0.975Ca0.025Ba2Cu3O6.72
1616,Y0.975Ca0.025Ba2Cu3O6.95
1617,Y0.97Ca0.03Ba2Cu3O6.97
1618,Y0.984Ca0.016Ba2Cu3O6.986
1619,Y0.985Ca0.015Ba2Cu3O6.98
1620,Y0.98Ca0.02Ba2Cu3O7
1621,Y0.98Pr0.02Ba2Cu3O7
1622,Y0.99La0.01Ba2Cu3O7.07
1623,Y0.9Ba2.1Cu3O7
1624,Y0.9Ca0.1Ba1.5La0.5Cu3O7.13
1625,Y0.9Ca0.1Ba1.5La0.5Cu3O7.19
1626,Y0.9Ca0.1Ba1.6La0.4Cu3O7.09
1627,Y0.9Ca0.1Ba1.7La0.3Cu3O7.04
1628,Y0.9Ca0.1Ba1.8La0.2Cu3O6.97
1629,Y0.9Ca0.1Ba1.9La0.1Cu3O6.95
1630,Y0.9Ca0.1Ba1.9La0.1Cu3O6.96
1631,Y0.9Ca0.1Ba2Cu2.55Co0.45O7.02
1632,Y0.9Ca0.1Ba2Cu2.75Co0.25O7.03
1633,Y0.9Ca0.1Ba2Cu2.85Co0.15O6.91
1634,Y0.9Ca0.1Ba2Cu2.8Zn0.2O6.74
1635,Y0.9Ca0.1Ba2Cu2.9Al0.1O6.88
1636,Y0.9Ca0.1Ba2Cu2.9Co0.1O6.76
1637,Y0.9Ca0.1Ba2Cu2.9Co0.1O6.84
1638,Y0.9Ca0.1Ba2Cu2.9Co0.1O6.95
1639,Y0.9Ca0.1Ba2Cu2.9Ni0.1O6.86
1640,Y0.9Ca0.1Ba2Cu2.9Zn0.1O6.81
1641,Y0.9Ca0.1Ba2Cu3O6.5
1642,Y0.9Ca0.1Ba2Cu3O6.59
1643,Y0.9Ca0.1Ba2Cu3O6.6
1644,Y0.9Ca0.1Ba2Cu3O6.66
1645,Y0.9Ca0.1Ba2Cu3O6.67
1646,Y0.9Ca0.1Ba2Cu3O6.7
1647,Y0.9Ca0.1Ba2Cu3O6.72
1648,Y0.9Ca0.1Ba2Cu3O6.8
1649,Y0.9Ca0.1Ba2Cu3O6.87
1650,Y0.9Ca0.1Ba2Cu3O6.9
1651,Y0.9Ca0.1Ba2Cu3O6.91
1652,Y0.9Ca0.1Ba2Cu3O6.93
1653,Y0.9Ca0.1Ba2Cu3O6.96
1654,Y0.9Ca0.1Ba2Cu3O6.98
1655,Y0.9Ca0.1Ba2Cu3O7
1656,Y0.9Ca0.1Sr2Cu2.5Fe0.5O6.9
1657,Y0.9Cd0.1Ba2Cu3O7
1658,Y0.9Er0.1Ba1.9Sr0.1Cu3O7
1659,Y0.9Eu0.13Ba1.97Cu2.87Al0.29O7
1660,Y0.9Eu0.1Ba2Cu3O7
1661,Y0.9Ho0.1Ba2Cu3O7
1662,Y0.9K0.1Ba2Cu3O6.51
1663,Y0.9La0.1Ba2Cu3O6.62
1664,Y0.9La0.1Ba2Cu3O6.97
1665,Y0.9Pr0.05Ca0.05Ba2Cu3O7
1666,Y0.9Pr0.1Ba2Cu3O6.5
1667,Y0.9Pr0.1Ba2Cu3O6.6
1668,Y0.9Pr0.1Ba2Cu3O6.65
1669,Y0.9Pr0.1Ba2Cu3O6.75
1670,Y0.9Pr0.1Ba2Cu3O6.8
1671,Y0.9Pr0.1Ba2Cu3O6.82
1672,Y0.9Pr0.1Ba2Cu3O6.85
1673,Y0.9Pr0.1Ba2Cu3O6.91
1674,Y0.9Pr0.1Ba2Cu3O6.95
1675,Y0.9Pr0.1Ba2Cu3O6.96
1676,Y0.9Pr0.1Ba2Cu3O6.965
1677,Y0.9Pr0.1Ba2Cu3O6.97
1678,Y0.9Pr0.1Ba2Cu3O6.98
1679,Y0.9Pr0.1Ba2Cu3O7
1680,Y0.9Pr0.1Sr2Cu2.7Mo0.3O7
1681,Y0.9Sc0.1Ba2Cu3O6.56
1682,Y0.9Tb0.1Ba2Cu3O7
1683,Y0.9Zn0.1Ba2Cu3O7
1684,Y1.01Ba2.01Cu2.906Ni0.094O6.7
1685,Y1.01Ba2.03Cu2.808Li0.192O6.6
1686,Y1.04Ba1.96Cu3O6.8
1687,Y1.1Ba1.9Cu3O6.65
1688,Y1.1Ba1.9Cu3O7
1689,Y1.1Ba2Cu3O6.87
1690,Y1.2Ba1.8Cu3O6.68
1691,Y1.2Ba2Cu3O6.98
1692,Y1Ba0.5Sr1.5Cu3O6.98
1693,Y1Ba0.74Sr1.26Cu3O6.98
1694,Y1Ba0.75Sr1.25Cu3O6.91
1695,Y1Ba0.75Sr1.25Cu3O6.94
1696,Y1Ba0.8Sr1.2Cu3O6.8
1697,Y1Ba0.8Sr1.2Cu3O7
1698,Y1Ba1.25Sr0.75Cu3O6.928
1699,Y1Ba1.2Sr0.8Cu3O6.8
1700,Y1Ba1.2Sr0.8Cu3O7
1701,Y1Ba1.3Sr0.7Cu3O6.98
1702,Y1Ba1.48Sr0.52Cu3O7
1703,Y1Ba1.4Sr0.6Cu3O6.8
1704,Y1Ba1.54La0.46Cu3O7.118
1705,Y1Ba1.5Ca0.5Cu3O7
1706,Y1Ba1.5La0.5Cu3O7
1707,Y1Ba1.5La0.5Cu3O7.06
1708,Y1Ba1.5La0.5Cu3O7.08
1709,Y1Ba1.5La0.5Cu3O7.1
1710,Y1Ba1.5La0.5Cu3O7.17
1711,Y1Ba1.5La0.5Cu3O7.19
1712,Y1Ba1.5La0.5Cu3O7.22
1713,Y1Ba1.5Sr0.5Cu3O6.75
1714,Y1Ba1.5Sr0.5Cu3O6.85
1715,Y1Ba1.5Sr0.5Cu3O6.9
1716,Y1Ba1.5Sr0.5Cu3O6.91
1717,Y1Ba1.5Sr0.5Cu3O6.938
1718,Y1Ba1.5Sr0.5Cu3O6.95
1719,Y1Ba1.5Sr0.5Cu3O6.96
1720,Y1Ba1.5Sr0.5Cu3O6.98
1721,Y1Ba1.5Sr0.5Cu3O7
1722,Y1Ba1.66La0.34Cu3O7.073
1723,Y1Ba1.6La0.4Cu3O7
1724,Y1Ba1.6La0.4Cu3O7.04
1725,Y1Ba1.6La0.4Cu3O7.05
1726,Y1Ba1.6La0.4Cu3O7.06
1727,Y1Ba1.6La0.4Cu3O7.083
1728,Y1Ba1.6La0.4Cu3O7.11
1729,Y1Ba1.6La0.4Cu3O7.14
1730,Y1Ba1.6Sr0.4Cu3O6.8
1731,Y1Ba1.6Sr0.4Cu3O7
1732,Y1Ba1.75Cu2.75Co0.25O6.95
1733,Y1Ba1.75Cu2.75Co0.25O7.06
1734,Y1Ba1.75Sr0.25Cu3O6.928
1735,Y1Ba1.76La0.24Cu3O7.024
1736,Y1Ba1.7Cs0.3Cu3O6.6
1737,Y1Ba1.7K0.3Cu3O6.54
1738,Y1Ba1.7La0.3Cu3O7
1739,Y1Ba1.7La0.3Cu3O7.02
1740,Y1Ba1.7La0.3Cu3O7.059
1741,Y1Ba1.7La0.3Cu3O7.1
1742,Y1Ba1.7Rb0.3Cu3O6.52
1743,Y1Ba1.85Cu2.85Co0.15O6.94
1744,Y1Ba1.85Cu2.85Co0.15O7.04
1745,Y1Ba1.86La0.14Cu3O6.96
1746,Y1Ba1.86La0.14Cu3O6.98
1747,Y1Ba1.88La0.12Cu3O6.96
1748,Y1Ba1.89La0.11Cu3O6.96
1749,Y1Ba1.8Cs0.2Cu3O6.58
1750,Y1Ba1.8Cu2.8Co0.2O6.95
1751,Y1Ba1.8Cu2.8Co0.2O7.05
1752,Y1Ba1.8K0.2Cu3O6.57
1753,Y1Ba1.8La0.2Cu3O6.6
1754,Y1Ba1.8La0.2Cu3O6.7
1755,Y1Ba1.8La0.2Cu3O6.8
1756,Y1Ba1.8La0.2Cu3O6.81
1757,Y1Ba1.8La0.2Cu3O6.85
1758,Y1Ba1.8La0.2Cu3O6.9
1759,Y1Ba1.8La0.2Cu3O6.95
1760,Y1Ba1.8La0.2Cu3O6.96
1761,Y1Ba1.8La0.2Cu3O7
1762,Y1Ba1.8La0.2Cu3O7.013
1763,Y1Ba1.8La0.2Cu3O7.03
1764,Y1Ba1.8La0.2Cu3O7.05
1765,Y1Ba1.8Rb0.2Cu3O6.56
1766,Y1Ba1.8Sc0.2Cu3O6.64
1767,Y1Ba1.8Sr0.2Cu3O6.8
1768,Y1Ba1.8Sr0.2Cu3O6.98
1769,Y1Ba1.8Sr0.2Cu3O7
1770,Y1Ba1.925La0.075Cu3O6.9
1771,Y1Ba1.92La0.08Cu3O6.96
1772,Y1Ba1.92La0.08Cu3O6.965
1773,Y1Ba1.94La0.06Cu3O6.96
1774,Y1Ba1.95Cs0.05Cu3O7
1775,Y1Ba1.95Cu2.95Co0.05O6.9
1776,Y1Ba1.95Cu2.95Co0.05O7
1777,Y1Ba1.95La0.05Cu3O6.89
1778,Y1Ba1.95La0.05Cu3O6.9
1779,Y1Ba1.95La0.05Cu3O6.96
1780,Y1Ba1.95La0.05Cu3O6.98
1781,Y1Ba1.96La0.04Cu3O6.96
1782,Y1Ba1.96Sr0.04Cu3O6.98
1783,Y1Ba1.96Sr0.04Cu3O7
1784,Y1Ba1.975La0.025Cu3O6.95
1785,Y1Ba1.97La0.03Cu3O6.96
1786,Y1Ba1.98La0.02Cu3O6.96
1787,Y1Ba1.99Cu2.847Ag0.153O6.7
1788,Y1Ba1.99La0.01Cu3O6.96
1789,Y1Ba1.9Ca0.1Cu3O6.84
1790,Y1Ba1.9Cs0.1Cu3O6.65
1791,Y1Ba1.9Cu2.9Co0.1O6.92
1792,Y1Ba1.9Cu2.9Co0.1O7.02
1793,Y1Ba1.9K0.1Cu3O6.61
1794,Y1Ba1.9K0.1Cu3O6.9
1795,Y1Ba1.9La0.1Cu3O6.5
1796,Y1Ba1.9La0.1Cu3O6.6
1797,Y1Ba1.9La0.1Cu3O6.7
1798,Y1Ba1.9La0.1Cu3O6.73
1799,Y1Ba1.9La0.1Cu3O6.8
1800,Y1Ba1.9La0.1Cu3O6.85
1801,Y1Ba1.9La0.1Cu3O6.9
1802,Y1Ba1.9La0.1Cu3O6.92
1803,Y1Ba1.9La0.1Cu3O6.96
1804,Y1Ba1.9La0.1Cu3O6.975
1805,Y1Ba1.9La0.1Cu3O6.99
1806,Y1Ba1.9La0.1Cu3O7
1807,Y1Ba1.9La0.1Cu3O7.06
1808,Y1Ba1.9Rb0.1Cu3O6.52
1809,Y1Ba1.9Sc0.1Cu3O6.55
1810,Y1Ba1.9Sr0.1Cu3O6.89
1811,Y1Ba1.9Sr0.1Cu3O7
1812,Y1Ba1Sr1Cu2.75Sn0.25O7.16
1813,Y1Ba1Sr1Cu2.75Sn0.25O7.163
1814,Y1Ba1Sr1Cu2.85Sn0.15O7.06
1815,Y1Ba1Sr1Cu2.85Sn0.15O7.062
1816,Y1Ba1Sr1Cu2.8Mo0.2O7.3
1817,Y1Ba1Sr1Cu2.8Sn0.2O7.12
1818,Y1Ba1Sr1Cu2.8Sn0.2O7.122
1819,Y1Ba1Sr1Cu2.95Mo0.05O7.07
1820,Y1Ba1Sr1Cu2.95Sn0.05O6.96
1821,Y1Ba1Sr1Cu2.975Sn0.025O6.91
1822,Y1Ba1Sr1Cu2.975Sn0.025O6.92
1823,Y1Ba1Sr1Cu2.9Mo0.1O7.16
1824,Y1Ba1Sr1Cu2.9Sn0.1O7
1825,Y1Ba1Sr1Cu2.9Sn0.1O7.001
1826,Y1Ba1Sr1Cu3O6.685
1827,Y1Ba1Sr1Cu3O6.8
1828,Y1Ba1Sr1Cu3O6.83
1829,Y1Ba1Sr1Cu3O6.88
1830,Y1Ba1Sr1Cu3O6.899
1831,Y1Ba1Sr1Cu3O6.9
1832,Y1Ba1Sr1Cu3O6.91
1833,Y1Ba1Sr1Cu3O6.93
1834,Y1Ba1Sr1Cu3O6.94
1835,Y1Ba1Sr1Cu3O6.947
1836,Y1Ba1Sr1Cu3O6.96
1837,Y1Ba1Sr1Cu3O6.98
1838,Y1Ba1Sr1Cu3O7
1839,Y1Ba2.01Cu2.7Co0.3O6.8
1840,Y1Ba2.01Cu2.806Cr0.194O7.3
1841,Y1Ba2.01Cu2.81Ni0.19O6.7
1842,Y1Ba2.02Cu2.18Zn0.82O7
1843,Y1Ba2Cu2.05Al0.95O6.7
1844,Y1Ba2Cu2.3Fe0.7O7.484
1845,Y1Ba2Cu2.4Fe0.6O7.453
1846,Y1Ba2Cu2.4Ga0.6O7
1847,Y1Ba2Cu2.4Mn0.6O7
1848,Y1Ba2Cu2.4Ni0.6O6.94
1849,Y1Ba2Cu2.52Al0.48O6.74
1850,Y1Ba2Cu2.55Ga0.45O7
1851,Y1Ba2Cu2.55Mn0.45O7
1852,Y1Ba2Cu2.55Ni0.45O7
1853,Y1Ba2Cu2.58Fe0.42O7
1854,Y1Ba2Cu2.5Fe0.5O7.35
1855,Y1Ba2Cu2.5Fe0.5O7.413
1856,Y1Ba2Cu2.5Ni0.5O7
1857,Y1Ba2Cu2.61Ga0.39O7
1858,Y1Ba2Cu2.64Co0.36O7.03
1859,Y1Ba2Cu2.64Fe0.36O7
1860,Y1Ba2Cu2.64Fe0.36O7.12
1861,Y1Ba2Cu2.67Ga0.33O7
1862,Y1Ba2Cu2.68Fe0.32O6.999
1863,Y1Ba2Cu2.68Fe0.32O7.343
1864,Y1Ba2Cu2.697Mn0.303O6.9
1865,Y1Ba2Cu2.6Al0.4O7
1866,Y1Ba2Cu2.6Co0.4O7.03
1867,Y1Ba2Cu2.6Fe0.4O7
1868,Y1Ba2Cu2.6Fe0.4O7.401
1869,Y1Ba2Cu2.6Ni0.4O7
1870,Y1Ba2Cu2.72Ni0.28O7
1871,Y1Ba2Cu2.737Zn0.262O7
1872,Y1Ba2Cu2.73Fe0.27O7.1
1873,Y1Ba2Cu2.73Ga0.27O7
1874,Y1Ba2Cu2.745Fe0.255O7.08
1875,Y1Ba2Cu2.745Zn0.255O7
1876,Y1Ba2Cu2.74Fe0.26O7
1877,Y1Ba2Cu2.75Al0.25O7
1878,Y1Ba2Cu2.75Co0.25O7.06
1879,Y1Ba2Cu2.75Ni0.25O7
1880,Y1Ba2Cu2.76Al0.24O7
1881,Y1Ba2Cu2.76Co0.24O6.999
1882,Y1Ba2Cu2.76Fe0.24O7
1883,Y1Ba2Cu2.76Ga0.24O7
1884,Y1Ba2Cu2.76Ni0.24O7
1885,Y1Ba2Cu2.76Zn0.24O7
1886,Y1Ba2Cu2.775Co0.225O6.99
1887,Y1Ba2Cu2.775Fe0.225O7
1888,Y1Ba2Cu2.775Ni0.225O7
1889,Y1Ba2Cu2.775Zn0.225O6.93
1890,Y1Ba2Cu2.775Zn0.225O7
1891,Y1Ba2Cu2.78Fe0.22O7
1892,Y1Ba2Cu2.799Fe0.201O7
1893,Y1Ba2Cu2.79Co0.21O7
1894,Y1Ba2Cu2.79Ga0.21O7
1895,Y1Ba2Cu2.79Li0.21O7
1896,Y1Ba2Cu2.79Zn0.21O6.95
1897,Y1Ba2Cu2.79Zn0.21O6.97
1898,Y1Ba2Cu2.79Zn0.21O7
1899,Y1Ba2Cu2.7Al0.3O6.99
1900,Y1Ba2Cu2.7Al0.3O7
1901,Y1Ba2Cu2.7Co0.3O6.88
1902,Y1Ba2Cu2.7Co0.3O6.93
1903,Y1Ba2Cu2.7Co0.3O7.11
1904,Y1Ba2Cu2.7Fe0.3O7
1905,Y1Ba2Cu2.7Fe0.3O7.1
1906,Y1Ba2Cu2.7Fe0.3O7.15
1907,Y1Ba2Cu2.7Ga0.3O6.93
1908,Y1Ba2Cu2.7Ga0.3O7
1909,Y1Ba2Cu2.7In0.3O6.9
1910,Y1Ba2Cu2.7Mn0.3O7
1911,Y1Ba2Cu2.7Ni0.3O6.88
1912,Y1Ba2Cu2.7Ni0.3O6.9
1913,Y1Ba2Cu2.7Ni0.3O6.97
1914,Y1Ba2Cu2.7Ni0.3O7
1915,Y1Ba2Cu2.7Zn0.3O6.74
1916,Y1Ba2Cu2.7Zn0.3O6.92
1917,Y1Ba2Cu2.7Zn0.3O7
1918,Y1Ba2Cu2.805Fe0.195O7
1919,Y1Ba2Cu2.829Zn0.171O7
1920,Y1Ba2Cu2.82Al0.18O7
1921,Y1Ba2Cu2.82Co0.18O7
1922,Y1Ba2Cu2.82Fe0.18O6.895
1923,Y1Ba2Cu2.82Fe0.18O6.95
1924,Y1Ba2Cu2.82Fe0.18O7
1925,Y1Ba2Cu2.82Ga0.18O7
1926,Y1Ba2Cu2.82Ni0.18O7
1927,Y1Ba2Cu2.82Zn0.06O7
1928,Y1Ba2Cu2.82Zn0.18O7
1929,Y1Ba2Cu2.835Fe0.165O6.98
1930,Y1Ba2Cu2.83Fe0.17O7
1931,Y1Ba2Cu2.841Co0.159O6.8
1932,Y1Ba2Cu2.844Fe0.156O7
1933,Y1Ba2Cu2.84Fe0.16O6.959
1934,Y1Ba2Cu2.84Fe0.16O7.303
1935,Y1Ba2Cu2.85Ag0.15O7
1936,Y1Ba2Cu2.85Co0.15O6.92
1937,Y1Ba2Cu2.85Co0.15O7
1938,Y1Ba2Cu2.85Co0.15O7.03
1939,Y1Ba2Cu2.85Fe0.024Zn0.126O7
1940,Y1Ba2Cu2.85Fe0.049Zn0.101O7
1941,Y1Ba2Cu2.85Fe0.075Zn0.075O7
1942,Y1Ba2Cu2.85Fe0.097Zn0.052O7
1943,Y1Ba2Cu2.85Fe0.126Zn0.024O7
1944,Y1Ba2Cu2.85Fe0.15O7
1945,Y1Ba2Cu2.85Fe0.15O7.02
1946,Y1Ba2Cu2.85Ga0.025Ni0.124O7
1947,Y1Ba2Cu2.85Ga0.025Zn0.124O7
1948,Y1Ba2Cu2.85Ga0.049Ni0.101O7
1949,Y1Ba2Cu2.85Ga0.049Zn0.101O7
1950,Y1Ba2Cu2.85Ga0.075Ni0.075O7
1951,Y1Ba2Cu2.85Ga0.075Zn0.075O7
1952,Y1Ba2Cu2.85Ga0.097Ni0.052O7
1953,Y1Ba2Cu2.85Ga0.101Zn0.049O7
1954,Y1Ba2Cu2.85Ga0.126Ni0.024O7
1955,Y1Ba2Cu2.85Ga0.126Zn0.024O7
1956,Y1Ba2Cu2.85Ga0.15O7
1957,Y1Ba2Cu2.85Gd0.15O7
1958,Y1Ba2Cu2.85Mn0.15O7
1959,Y1Ba2Cu2.85Ni0.025Zn0.124O7
1960,Y1Ba2Cu2.85Ni0.051Zn0.099O7
1961,Y1Ba2Cu2.85Ni0.075Zn0.075O7
1962,Y1Ba2Cu2.85Ni0.101Zn0.049O7
1963,Y1Ba2Cu2.85Ni0.124Zn0.025O7
1964,Y1Ba2Cu2.85Ni0.15O6.78
1965,Y1Ba2Cu2.85Ni0.15O6.84
1966,Y1Ba2Cu2.85Ni0.15O6.9
1967,Y1Ba2Cu2.85Ni0.15O6.97
1968,Y1Ba2Cu2.85Ni0.15O7
1969,Y1Ba2Cu2.85Zn0.036Ga0.114O7
1970,Y1Ba2Cu2.85Zn0.075Ga0.075O7
1971,Y1Ba2Cu2.85Zn0.114Ga0.036O7
1972,Y1Ba2Cu2.85Zn0.15O6.85
1973,Y1Ba2Cu2.85Zn0.15O6.9
1974,Y1Ba2Cu2.85Zn0.15O6.95
1975,Y1Ba2Cu2.85Zn0.15O6.97
1976,Y1Ba2Cu2.85Zn0.15O7
1977,Y1Ba2Cu2.85Zr0.15O7
1978,Y1Ba2Cu2.865Al0.135O7
1979,Y1Ba2Cu2.868Zn0.132O7
1980,Y1Ba2Cu2.871Co0.129O7
1981,Y1Ba2Cu2.87Al0.13O7
1982,Y1Ba2Cu2.87Fe0.13O7
1983,Y1Ba2Cu2.885Zn0.195O7
1984,Y1Ba2Cu2.88Al0.12O7
1985,Y1Ba2Cu2.88Co0.12O7
1986,Y1Ba2Cu2.88Fe0.12O7
1987,Y1Ba2Cu2.88Ga0.12O7
1988,Y1Ba2Cu2.88Ni0.12O7
1989,Y1Ba2Cu2.88Ni0.18O7
1990,Y1Ba2Cu2.88P0.12O7
1991,Y1Ba2Cu2.88Ti0.12O6.88
1992,Y1Ba2Cu2.88Zn0.12O6.92
1993,Y1Ba2Cu2.88Zn0.12O6.95
1994,Y1Ba2Cu2.88Zn0.12O7
1995,Y1Ba2Cu2.88Zr0.12O7
1996,Y1Ba2Cu2.892Zn0.108O7
1997,Y1Ba2Cu2.895Fe0.105O7
1998,Y1Ba2Cu2.895Mn0.105O7
1999,Y1Ba2Cu2.89Al0.11O7
2000,Y1Ba2Cu2.89Co0.11O7
2001,Y1Ba2Cu2.8Al0.2O6.91
2002,Y1Ba2Cu2.8Co0.2O6.83
2003,Y1Ba2Cu2.8Co0.2O7.04
2004,Y1Ba2Cu2.8Cr0.2O7
2005,Y1Ba2Cu2.8Fe0.2O6.76
2006,Y1Ba2Cu2.8Fe0.2O6.8
2007,Y1Ba2Cu2.8Fe0.2O6.85
2008,Y1Ba2Cu2.8Fe0.2O6.9
2009,Y1Ba2Cu2.8Fe0.2O6.93
2010,Y1Ba2Cu2.8Fe0.2O7
2011,Y1Ba2Cu2.8Ga0.2O7
2012,Y1Ba2Cu2.8Ni0.2O6.82
2013,Y1Ba2Cu2.8Ni0.2O7
2014,Y1Ba2Cu2.8Zn0.2O6.79
2015,Y1Ba2Cu2.8Zn0.2O6.85
2016,Y1Ba2Cu2.8Zn0.2O6.88
2017,Y1Ba2Cu2.901Co0.099O7
2018,Y1Ba2Cu2.901Fe0.099O7
2019,Y1Ba2Cu2.901Zn0.099O7
2020,Y1Ba2Cu2.909Zn0.091O7
2021,Y1Ba2Cu2.919Zn0.081O6.7
2022,Y1Ba2Cu2.919Zn0.081O6.75
2023,Y1Ba2Cu2.919Zn0.081O6.8
2024,Y1Ba2Cu2.919Zn0.081O6.83
2025,Y1Ba2Cu2.919Zn0.081O7
2026,Y1Ba2Cu2.91Co0.09O7
2027,Y1Ba2Cu2.91Fe0.09O6.83
2028,Y1Ba2Cu2.91Fe0.09O7
2029,Y1Ba2Cu2.91Ga0.09O7
2030,Y1Ba2Cu2.91Ni0.09O7
2031,Y1Ba2Cu2.91P0.09O7
2032,Y1Ba2Cu2.91Ti0.09O6.9
2033,Y1Ba2Cu2.91Zn0.09O6.6
2034,Y1Ba2Cu2.91Zn0.09O6.65
2035,Y1Ba2Cu2.91Zn0.09O6.68
2036,Y1Ba2Cu2.91Zn0.09O6.7
2037,Y1Ba2Cu2.91Zn0.09O6.73
2038,Y1Ba2Cu2.91Zn0.09O6.75
2039,Y1Ba2Cu2.91Zn0.09O6.77
2040,Y1Ba2Cu2.91Zn0.09O6.83
2041,Y1Ba2Cu2.91Zn0.09O6.9
2042,Y1Ba2Cu2.91Zn0.09O6.93
2043,Y1Ba2Cu2.91Zn0.09O6.95
2044,Y1Ba2Cu2.91Zn0.09O7
2045,Y1Ba2Cu2.925Co0.075O6.97
2046,Y1Ba2Cu2.925Fe0.075O7
2047,Y1Ba2Cu2.925Mn0.075O7
2048,Y1Ba2Cu2.925Ni0.075O7
2049,Y1Ba2Cu2.925Zn0.075O6.85
2050,Y1Ba2Cu2.925Zn0.075O6.94
2051,Y1Ba2Cu2.925Zn0.075O7
2052,Y1Ba2Cu2.92Fe0.08O7
2053,Y1Ba2Cu2.92Zn0.08O7
2054,Y1Ba2Cu2.931Zn0.069O6.6
2055,Y1Ba2Cu2.931Zn0.069O6.7
2056,Y1Ba2Cu2.93Fe0.03O7
2057,Y1Ba2Cu2.948Zn0.052O7
2058,Y1Ba2Cu2.949Co0.051O7
2059,Y1Ba2Cu2.949Fe0.051O7
2060,Y1Ba2Cu2.949Zn0.051O7
2061,Y1Ba2Cu2.94Al0.06O7
2062,Y1Ba2Cu2.94Co0.06O7
2063,Y1Ba2Cu2.94Cr0.06O7
2064,Y1Ba2Cu2.94Fe0.06H0.4O7
2065,Y1Ba2Cu2.94Fe0.06O6.85
2066,Y1Ba2Cu2.94Fe0.06O6.89
2067,Y1Ba2Cu2.94Fe0.06O6.929
2068,Y1Ba2Cu2.94Fe0.06O6.954
2069,Y1Ba2Cu2.94Fe0.06O7
2070,Y1Ba2Cu2.94Fe0.06O7.254
2071,Y1Ba2Cu2.94Ga0.06O7
2072,Y1Ba2Cu2.94Li0.06O6.6
2073,Y1Ba2Cu2.94Li0.06O7
2074,Y1Ba2Cu2.94Mn0.06O7
2075,Y1Ba2Cu2.94Ni0.06O6.56
2076,Y1Ba2Cu2.94Ni0.06O6.6
2077,Y1Ba2Cu2.94Ni0.06O6.64
2078,Y1Ba2Cu2.94Ni0.06O6.7
2079,Y1Ba2Cu2.94Ni0.06O6.78
2080,Y1Ba2Cu2.94Ni0.06O6.9
2081,Y1Ba2Cu2.94Ni0.06O6.94
2082,Y1Ba2Cu2.94Ni0.06O6.97
2083,Y1Ba2Cu2.94Ni0.06O7
2084,Y1Ba2Cu2.94Ni0.06O7.01
2085,Y1Ba2Cu2.94P0.06O7
2086,Y1Ba2Cu2.94Ti0.06O6.91
2087,Y1Ba2Cu2.94Zn0.06O6.59
2088,Y1Ba2Cu2.94Zn0.06O6.63
2089,Y1Ba2Cu2.94Zn0.06O6.65
2090,Y1Ba2Cu2.94Zn0.06O6.68
2091,Y1Ba2Cu2.94Zn0.06O6.7
2092,Y1Ba2Cu2.94Zn0.06O6.73
2093,Y1Ba2Cu2.94Zn0.06O6.75
2094,Y1Ba2Cu2.94Zn0.06O6.76
2095,Y1Ba2Cu2.94Zn0.06O6.77
2096,Y1Ba2Cu2.94Zn0.06O6.83
2097,Y1Ba2Cu2.94Zn0.06O6.84
2098,Y1Ba2Cu2.94Zn0.06O6.9
2099,Y1Ba2Cu2.94Zn0.06O6.93
2100,Y1Ba2Cu2.94Zn0.06O6.95
2101,Y1Ba2Cu2.94Zn0.06O6.96
2102,Y1Ba2Cu2.94Zn0.06O6.97
2103,Y1Ba2Cu2.94Zn0.06O7
2104,Y1Ba2Cu2.94Zr0.06O6.81
2105,Y1Ba2Cu2.954Zn0.047O7
2106,Y1Ba2Cu2.955Au0.045O7
2107,Y1Ba2Cu2.955Co0.045O7
2108,Y1Ba2Cu2.955Fe0.045O6.89
2109,Y1Ba2Cu2.955Fe0.045O6.93
2110,Y1Ba2Cu2.955Fe0.045O7
2111,Y1Ba2Cu2.955Mn0.045O7
2112,Y1Ba2Cu2.955Ni0.045O6.95
2113,Y1Ba2Cu2.955Zn0.045O7
2114,Y1Ba2Cu2.95Al0.05O6.93
2115,Y1Ba2Cu2.95Al0.05O7
2116,Y1Ba2Cu2.95Co0.05O6.88
2117,Y1Ba2Cu2.95Co0.05O6.92
2118,Y1Ba2Cu2.95Fe0.05O6.55
2119,Y1Ba2Cu2.95Fe0.05O6.6
2120,Y1Ba2Cu2.95Fe0.05O6.64
2121,Y1Ba2Cu2.95Fe0.05O6.69
2122,Y1Ba2Cu2.95Fe0.05O6.73
2123,Y1Ba2Cu2.95Fe0.05O6.79
2124,Y1Ba2Cu2.95Fe0.05O6.84
2125,Y1Ba2Cu2.95Fe0.05O6.9
2126,Y1Ba2Cu2.95Fe0.05O6.92
2127,Y1Ba2Cu2.95Ga0.05O6.69
2128,Y1Ba2Cu2.95Gd0.05O7
2129,Y1Ba2Cu2.95Ni0.05O6.93
2130,Y1Ba2Cu2.95Ni0.05O6.94
2131,Y1Ba2Cu2.95Ni0.05O7
2132,Y1Ba2Cu2.95Zn0.05O6.52
2133,Y1Ba2Cu2.95Zn0.05O6.56
2134,Y1Ba2Cu2.95Zn0.05O6.62
2135,Y1Ba2Cu2.95Zn0.05O6.63
2136,Y1Ba2Cu2.95Zn0.05O6.69
2137,Y1Ba2Cu2.95Zn0.05O6.7
2138,Y1Ba2Cu2.95Zn0.05O6.72
2139,Y1Ba2Cu2.95Zn0.05O6.75
2140,Y1Ba2Cu2.95Zn0.05O6.8
2141,Y1Ba2Cu2.95Zn0.05O6.85
2142,Y1Ba2Cu2.95Zn0.05O6.94
2143,Y1Ba2Cu2.961Co0.039O7
2144,Y1Ba2Cu2.961Zn0.039O6.7
2145,Y1Ba2Cu2.961Zn0.039O6.78
2146,Y1Ba2Cu2.96Co0.04O7
2147,Y1Ba2Cu2.96Fe0.04O7
2148,Y1Ba2Cu2.96Zn0.04O7
2149,Y1Ba2Cu2.975Ni0.025O7
2150,Y1Ba2Cu2.975Zn0.025O6.85
2151,Y1Ba2Cu2.975Zn0.025O6.93
2152,Y1Ba2Cu2.9775Zn0.0225O6.93
2153,Y1Ba2Cu2.979Zn0.021O7
2154,Y1Ba2Cu2.97Al0.03O7
2155,Y1Ba2Cu2.97Co0.03O6.96
2156,Y1Ba2Cu2.97Co0.03O7
2157,Y1Ba2Cu2.97Fe0.03O7
2158,Y1Ba2Cu2.97Ga0.03O7
2159,Y1Ba2Cu2.97Gd0.03O7
2160,Y1Ba2Cu2.97Li0.03O6.6
2161,Y1Ba2Cu2.97Li0.03O7
2162,Y1Ba2Cu2.97Mn0.03O7
2163,Y1Ba2Cu2.97Ni0.03O6.94
2164,Y1Ba2Cu2.97Ni0.03O7
2165,Y1Ba2Cu2.97P0.03O7
2166,Y1Ba2Cu2.97Ti0.03O6.92
2167,Y1Ba2Cu2.97Zn0.03O6.59
2168,Y1Ba2Cu2.97Zn0.03O6.63
2169,Y1Ba2Cu2.97Zn0.03O6.67
2170,Y1Ba2Cu2.97Zn0.03O6.68
2171,Y1Ba2Cu2.97Zn0.03O6.7
2172,Y1Ba2Cu2.97Zn0.03O6.75
2173,Y1Ba2Cu2.97Zn0.03O6.76
2174,Y1Ba2Cu2.97Zn0.03O6.77
2175,Y1Ba2Cu2.97Zn0.03O6.85
2176,Y1Ba2Cu2.97Zn0.03O6.9
2177,Y1Ba2Cu2.97Zn0.03O6.93
2178,Y1Ba2Cu2.97Zn0.03O6.95
2179,Y1Ba2Cu2.97Zn0.03O6.97
2180,Y1Ba2Cu2.97Zn0.03O6.98
2181,Y1Ba2Cu2.97Zn0.03O7
2182,Y1Ba2Cu2.982Zn0.018O6.75
2183,Y1Ba2Cu2.982Zn0.018O6.78
2184,Y1Ba2Cu2.982Zn0.018O6.9
2185,Y1Ba2Cu2.982Zn0.018O7
2186,Y1Ba2Cu2.984Zn0.016O7
2187,Y1Ba2Cu2.985Fe0.015O7
2188,Y1Ba2Cu2.985Ni0.015O6.92
2189,Y1Ba2Cu2.985Zn0.015O6.95
2190,Y1Ba2Cu2.985Zn0.015O7
2191,Y1Ba2Cu2.988Zn0.012O6.75
2192,Y1Ba2Cu2.988Zn0.012O7
2193,Y1Ba2Cu2.98Co0.02O6.9
2194,Y1Ba2Cu2.98Fe0.02O6.93
2195,Y1Ba2Cu2.98Fe0.02O7
2196,Y1Ba2Cu2.98Gd0.02O7
2197,Y1Ba2Cu2.98Ni0.02O6.94
2198,Y1Ba2Cu2.98Ni0.02O6.95
2199,Y1Ba2Cu2.98Ni0.02O7
2200,Y1Ba2Cu2.98Zn0.02O7
2201,Y1Ba2Cu2.98Zr0.02O6.84
2202,Y1Ba2Cu2.98Zr0.2O6.75
2203,Y1Ba2Cu2.9907Zn0.0093O6.95
2204,Y1Ba2Cu2.9925Zn0.0075O6.92
2205,Y1Ba2Cu2.993Zn0.007O7
2206,Y1Ba2Cu2.994Zn0.006O6.63
2207,Y1Ba2Cu2.9955Zn0.0045O6.95
2208,Y1Ba2Cu2.99Gd0.01O7
2209,Y1Ba2Cu2.99Zn0.01O7
2210,Y1Ba2Cu2.9Al0.1O6.93
2211,Y1Ba2Cu2.9Al0.1O7
2212,Y1Ba2Cu2.9Al0.1O7.1
2213,Y1Ba2Cu2.9Co0.1O6.82
2214,Y1Ba2Cu2.9Co0.1O6.89
2215,Y1Ba2Cu2.9Fe0.1O6.62
2216,Y1Ba2Cu2.9Fe0.1O6.64
2217,Y1Ba2Cu2.9Fe0.1O6.7
2218,Y1Ba2Cu2.9Fe0.1O6.72
2219,Y1Ba2Cu2.9Fe0.1O6.75
2220,Y1Ba2Cu2.9Fe0.1O6.8
2221,Y1Ba2Cu2.9Fe0.1O6.85
2222,Y1Ba2Cu2.9Fe0.1O6.9
2223,Y1Ba2Cu2.9Fe0.1O6.92
2224,Y1Ba2Cu2.9Fe0.1O6.929
2225,Y1Ba2Cu2.9Fe0.1O7
2226,Y1Ba2Cu2.9Fe0.1O7.293
2227,Y1Ba2Cu2.9Ga0.1O6.8
2228,Y1Ba2Cu2.9Gd0.1O7
2229,Y1Ba2Cu2.9Ni0.1O6.56
2230,Y1Ba2Cu2.9Ni0.1O6.61
2231,Y1Ba2Cu2.9Ni0.1O6.71
2232,Y1Ba2Cu2.9Ni0.1O6.77
2233,Y1Ba2Cu2.9Ni0.1O6.85
2234,Y1Ba2Cu2.9Ni0.1O6.87
2235,Y1Ba2Cu2.9Ni0.1O6.88
2236,Y1Ba2Cu2.9Ni0.1O6.92
2237,Y1Ba2Cu2.9Ni0.1O6.93
2238,Y1Ba2Cu2.9Ni0.1O6.95
2239,Y1Ba2Cu2.9Ni0.1O7
2240,Y1Ba2Cu2.9Sn0.1O7.28
2241,Y1Ba2Cu2.9Zn0.1O6.81
2242,Y1Ba2Cu2.9Zn0.1O6.85
2243,Y1Ba2Cu2.9Zn0.1O6.88
2244,Y1Ba2Cu2.9Zn0.1O6.93
2245,Y1Ba2Cu2.9Zn0.1O6.94
2246,Y1Ba2Cu2.9Zn0.1O6.99
2247,Y1Ba2Cu2.9Zn0.1O7
2248,Y1Ba2Cu3Br0.9O6.2
2249,Y1Ba2Cu3Cl1O6
2250,Y1Ba2Cu3F0.15O6.7
2251,Y1Ba2Cu3F0.1O6.7
2252,Y1Ba2Cu3F0.1O7
2253,Y1Ba2Cu3F0.25O6.7
2254,Y1Ba2Cu3F0.29O6.7
2255,Y1Ba2Cu3F0.2O7
2256,Y1Ba2Cu3F0.38O6.7
2257,Y1Ba2Cu3F0.76O6
2258,Y1Ba2Cu3F1.11O6
2259,Y1Ba2Cu3F1.26O6
2260,Y1Ba2Cu3F1.46O6
2261,Y1Ba2Cu3H0.06O6.91
2262,Y1Ba2Cu3H0.08O7
2263,Y1Ba2Cu3H0.13O7
2264,Y1Ba2Cu3H0.14O6.91
2265,Y1Ba2Cu3H0.14O7
2266,Y1Ba2Cu3H0.16O6.54
2267,Y1Ba2Cu3H0.19O7
2268,Y1Ba2Cu3H0.1O6.765
2269,Y1Ba2Cu3H0.1O6.795
2270,Y1Ba2Cu3H0.21O7
2271,Y1Ba2Cu3H0.24O6.765
2272,Y1Ba2Cu3H0.27O6.91
2273,Y1Ba2Cu3H0.2O6.795
2274,Y1Ba2Cu3H0.2O6.98
2275,Y1Ba2Cu3H0.2O7
2276,Y1Ba2Cu3H0.31O6.54
2277,Y1Ba2Cu3H0.32O6.91
2278,Y1Ba2Cu3H0.34O7
2279,Y1Ba2Cu3H0.38O7
2280,Y1Ba2Cu3H0.48O7
2281,Y1Ba2Cu3H0.49O7
2282,Y1Ba2Cu3H0.52O6.91
2283,Y1Ba2Cu3H0.53O6.54
2284,Y1Ba2Cu3H0.64O6.54
2285,Y1Ba2Cu3Li0.02O7
2286,Y1Ba2Cu3Li0.06O7
2287,Y1Ba2Cu3Li0.08O7
2288,Y1Ba2Cu3Li0.1O7
2289,Y1Ba2Cu3Li0.3O7
2290,Y1Ba2Cu3Li0.5O7
2291,Y1Ba2Cu3O6.5
2292,Y1Ba2Cu3O6.51
2293,Y1Ba2Cu3O6.516
2294,Y1Ba2Cu3O6.52
2295,Y1Ba2Cu3O6.53
2296,Y1Ba2Cu3O6.54
2297,Y1Ba2Cu3O6.546
2298,Y1Ba2Cu3O6.55
2299,Y1Ba2Cu3O6.556
2300,Y1Ba2Cu3O6.56
2301,Y1Ba2Cu3O6.57
2302,Y1Ba2Cu3O6.58
2303,Y1Ba2Cu3O6.59
2304,Y1Ba2Cu3O6.6
2305,Y1Ba2Cu3O6.602
2306,Y1Ba2Cu3O6.61
2307,Y1Ba2Cu3O6.62
2308,Y1Ba2Cu3O6.63
2309,Y1Ba2Cu3O6.64
2310,Y1Ba2Cu3O6.65
2311,Y1Ba2Cu3O6.66
2312,Y1Ba2Cu3O6.666
2313,Y1Ba2Cu3O6.67
2314,Y1Ba2Cu3O6.68
2315,Y1Ba2Cu3O6.69
2316,Y1Ba2Cu3O6.7
2317,Y1Ba2Cu3O6.702
2318,Y1Ba2Cu3O6.71
2319,Y1Ba2Cu3O6.72
2320,Y1Ba2Cu3O6.729
2321,Y1Ba2Cu3O6.73
2322,Y1Ba2Cu3O6.74
2323,Y1Ba2Cu3O6.75
2324,Y1Ba2Cu3O6.76
2325,Y1Ba2Cu3O6.765
2326,Y1Ba2Cu3O6.77
2327,Y1Ba2Cu3O6.773
2328,Y1Ba2Cu3O6.78
2329,Y1Ba2Cu3O6.791
2330,Y1Ba2Cu3O6.795
2331,Y1Ba2Cu3O6.8
2332,Y1Ba2Cu3O6.81
2333,Y1Ba2Cu3O6.82
2334,Y1Ba2Cu3O6.821
2335,Y1Ba2Cu3O6.828
2336,Y1Ba2Cu3O6.829
2337,Y1Ba2Cu3O6.83
2338,Y1Ba2Cu3O6.838
2339,Y1Ba2Cu3O6.84
2340,Y1Ba2Cu3O6.85
2341,Y1Ba2Cu3O6.852
2342,Y1Ba2Cu3O6.858
2343,Y1Ba2Cu3O6.86
2344,Y1Ba2Cu3O6.861
2345,Y1Ba2Cu3O6.869
2346,Y1Ba2Cu3O6.87
2347,Y1Ba2Cu3O6.876
2348,Y1Ba2Cu3O6.88
2349,Y1Ba2Cu3O6.883
2350,Y1Ba2Cu3O6.887
2351,Y1Ba2Cu3O6.89
2352,Y1Ba2Cu3O6.894
2353,Y1Ba2Cu3O6.9
2354,Y1Ba2Cu3O6.906
2355,Y1Ba2Cu3O6.91
2356,Y1Ba2Cu3O6.92
2357,Y1Ba2Cu3O6.93
2358,Y1Ba2Cu3O6.937
2359,Y1Ba2Cu3O6.939
2360,Y1Ba2Cu3O6.94
2361,Y1Ba2Cu3O6.95
2362,Y1Ba2Cu3O6.951
2363,Y1Ba2Cu3O6.955
2364,Y1Ba2Cu3O6.957
2365,Y1Ba2Cu3O6.96
2366,Y1Ba2Cu3O6.962
2367,Y1Ba2Cu3O6.965
2368,Y1Ba2Cu3O6.97
2369,Y1Ba2Cu3O6.98
2370,Y1Ba2Cu3O6.99
2371,Y1Ba2Cu3O6.995
2372,Y1Ba2Cu3O7
2373,Y1Ba2Cu3O7.01
2374,Y1Ba2Cu3O7.1
2375,Y1Ba2Cu3O7.19
2376,Y1Ba2Cu3S0.001O7
2377,Y1Ba2Cu3S0.03O7.12
2378,Y1Ba2Cu3S0.05O7
2379,Y1Ba2Cu3S0.06O7.23
2380,Y1Ba2Cu3S0.12O7.28
2381,Y1Ba2Cu3S1O6
2382,Y1Ba2Cu3Se0.05O7
2383,Y1La0.2Ba1.8Cu3O7.06
2384,Y1La0.2Ba1.8Cu3O7.16
2385,Y1La0.2Ba1.8Cu3O7.26
2386,Y1La0.2Ba1.8Cu3O7.36
2387,Y1La0.2Ba1.8Cu3O7.46
2388,Y1La0.2Ba1.8Cu3O7.49
2389,Y1La0.3Ba1.7Cu3O7
2390,Y1Re0.05Ba2Cu2.95O6.94
2391,Y1Re0.05Ba2Cu2.95O7.02
2392,Y1Re0.05Ba2Cu2.95O7.04
2393,Y1Re0.15Ba2Cu2.85O7.07
2394,Y1Re0.15Ba2Cu2.85O7.13
2395,Y1Re0.15Ba2Cu2.85O7.17
2396,Y1Re0.1Ba2Cu2.9O7
2397,Y1Re0.1Ba2Cu2.9O7.08
2398,Y1Re0.1Ba2Cu2.9O7.09
2399,Y1Sr0.4Ba1.6Cu2.5B0.5O7
2400,Y1Sr0.5Ba1.5Cu2.5B0.5O7
2401,Y1Sr0.6Ba1.4Cu2.5B0.5O7
2402,Y1Sr0.8Ba1.2Cu2.5B0.5O7
2403,Y1Sr1.2Ba0.8Cu2.5B0.5O7
2404,Y1Sr1.4Ba0.6Cu2.5B0.5O7
2405,Y1Sr1.55Ba0.45Cu2.5B0.5O7
2406,Y1Sr1Ba1Cu2.5B0.5O7
2407,Y1Sr2Cu2.65Fe0.35O6.7
2408,Y1Sr2Cu2.65Fe0.35O7.1
2409,Y1Sr2Cu2.65Ga0.35O6.6
2410,Y1Sr2Cu2.65Ga0.35O6.7
2411,Y1Sr2Cu2.65Mo0.35O7.2
2412,Y1Sr2Cu2.65Mo0.35O7.4
2413,Y1Sr2Cu2.65Ti0.35O6.8
2414,Y1Sr2Cu2.65Ti0.35O7.1
2415,Y1Sr2Cu2.675Ti0.325O6.6
2416,Y1Sr2Cu2.675Ti0.325O7.1
2417,Y1Sr2Cu2.6Fe0.4O7
2418,Y1Sr2Cu2.75Mo0.25O7.1
2419,Y1Sr2Cu2.75Re0.25O7
2420,Y1Sr2Cu2.75Re0.25O7.3
2421,Y1Sr2Cu2.75W0.25O6.9
2422,Y1Sr2Cu2.75W0.25O7.1
2423,Y1Sr2Cu2.7Co0.3O6.5
2424,Y1Sr2Cu2.7Co0.3O6.7
2425,Y1Sr2Cu2.7Fe0.3O6.9
2426,Y1Sr2Cu2.7Fe0.3O7.1
2427,Y1Sr2Cu2.7Mo0.3O7
2428,Y1Sr2Cu2.7Mo0.3O7.1
2429,Y1Sr2Cu2.7Re0.3O7.1
2430,Y1Sr2Cu2.7Re0.3O7.2
2431,Y1Sr2Cu2.7Ti0.3O6.7
2432,Y1Sr2Cu2.7Ti0.3O7
2433,Y1Sr2Cu2.7Ti0.3O7.144
2434,Y1Sr2Cu2.7Ti0.3O7.152
2435,Y1Sr2Cu2.7Ti0.3O7.224
2436,Y1Sr2Cu2.7W0.3O6.9
2437,Y1Sr2Cu2.85Re0.15O6.95
2438,Y1Sr2Cu2.85Re0.15O7
2439,Y1Sr2Cu2.85Re0.15O7.1
2440,Y1Sr2Cu2.8Mo0.2O7
2441,Y1Sr2Cu2.8Mo0.2O7.1
2442,Y1Sr2Cu2.8Re0.2O6.9
2443,Y1Sr2Cu2.8Re0.2O7
2444,Y1Sr2Cu2.8Re0.2O7.2
2445,Y1Sr2Cu2.8V0.2O6.5
2446,Y1Sr2Cu2.8W0.2O6.9
2447,Y1Sr2Cu2.8W0.2O7.2
2448,Y1Sr2Cu2Nb1O7
2449,Y1Sr2Cu3O6.92
2450,Y1Sr2Cu3O7.2
2451,Y1Sr2Cu3O7.5
2452,Yb0.45Pr0.55Ba1.7Sr0.3Cu3O6.91
2453,Yb0.45Pr0.55Ba2Cu3O6.92
2454,Yb0.4Nd0.4Pr0.2Ba2Cu3O7
2455,Yb0.55Pr0.45Ba1.7Sr0.3Cu3O6.88
2456,Yb0.5Ca0.5Sr0.7Ba1.3Cu2.6C0.4O7
2457,Yb0.5Pr0.5Ba1.7Sr0.3Cu3O6.93
2458,Yb0.5Pr0.5Ba2Cu3O6.67
2459,Yb0.5Pr0.5Ba2Cu3O6.9
2460,Yb0.65Pr0.35Ba1.7Sr0.3Cu3O6.95
2461,Yb0.6Lu0.4Ba2Cu3O6.92
2462,Yb0.6Nd0.2Pr0.2Ba2Cu3O7
2463,Yb0.6Pr0.4Ba1.7Sr0.3Cu3O6.93
2464,Yb0.6Pr0.4Ba2Cu3O6.91
2465,Yb0.75Pr0.25Ba1.7Sr0.3Cu3O6.92
2466,Yb0.75Pr0.25Ba2Cu3O7
2467,Yb0.7Ca0.3Ba1.6Sr0.4Cu3O6.56
2468,Yb0.7Ca0.3Ba1.6Sr0.4Cu3O6.73
2469,Yb0.7Ca0.3Ba1.6Sr0.4Cu3O6.78
2470,Yb0.7Lu0.3Ba2Cu3O7
2471,Yb0.7Pr0.3Ba1.7Sr0.3Cu3O6.93
2472,Yb0.7Pr0.3Ba2Cu3O6.87
2473,Yb0.7Pr0.3Ba2Cu3O6.97
2474,Yb0.7Pr0.3Ba2Cu3O7
2475,Yb0.85Pr0.15Ba1.7Sr0.3Cu3O6.91
2476,Yb0.85Pr0.15Ba2Cu3O6.97
2477,Yb0.85Pr0.15Ba2Cu3O7
2478,Yb0.8Lu0.2Ba2Cu3O6.94
2479,Yb0.8Pr0.2Ba1.7Sr0.3Cu3O6.92
2480,Yb0.8Pr0.2Ba2Cu3O6.88
2481,Yb0.8Pr0.2Ba2Cu3O6.97
2482,Yb0.8Pr0.2Ba2Cu3O7
2483,Yb0.8Sr0.2Ba2Cu3O7
2484,Yb0.925Pr0.075Ba2Cu3O6.97
2485,Yb0.92Pr0.08Ba2Cu3O7
2486,Yb0.94Pr0.06Ba2Cu3O7
2487,Yb0.95Pr0.05Ba1.7Sr0.3Cu3O6.91
2488,Yb0.95Pr0.05Ba2Cu3O6.9
2489,Yb0.96Pr0.04Ba2Cu3O7
2490,Yb0.98Pr0.02Ba2Cu3O7
2491,Yb0.995Pr0.05Ba2Cu3O6.97
2492,Yb0.9Ca0.1Ba1.6Sr0.4Cu3O6.89
2493,Yb0.9Lu0.1Ba2Cu3O7
2494,Yb0.9Pr0.1Ba1.7Sr0.3Cu3O6.9
2495,Yb0.9Pr0.1Ba2Cu3O6.92
2496,Yb0.9Pr0.1Ba2Cu3O6.97
2497,Yb0.9Pr0.1Ba2Cu3O7
2498,Yb1Ba1.6Sr0.4Cu3O6.88
2499,Yb1Ba1.7Sr0.3Cu3O6.9
2500,Yb1Ba2Cu2.7Ga0.3O7
2501,Yb1Ba2Cu2.85Ga0.15O7
2502,Yb1Ba2Cu2.8Ga0.2O7
2503,Yb1Ba2Cu2.92Zn0.08O7
2504,Yb1Ba2Cu2.943Zn0.057O6.9
2505,Yb1Ba2Cu2.94Zn0.06O7
2506,Yb1Ba2Cu2.95Ga0.05O7
2507,Yb1Ba2Cu2.96Zn0.04O7
2508,Yb1Ba2Cu2.982Zn0.018O6.9
2509,Yb1Ba2Cu2.98Zn0.02O7
2510,Yb1Ba2Cu2.99Zn0.01O7
2511,Yb1Ba2Cu2.9Ga0.1O7
2512,Yb1Ba2Cu3O6.71
2513,Yb1Ba2Cu3O6.9
2514,Yb1Ba2Cu3O6.93
2515,Yb1Ba2Cu3O6.95
2516,Yb1Ba2Cu3O6.97
2517,Yb1Ba2Cu3O7
